user_id,moved_after_2019
17449,
33967,
2110,
55082,
37165,
42841,
8407,
17053,
24437,
44394,
39560,
53698,
18374,
23724,
30798,
62101,
20732,
55798,
37665,
18902,
49986,
24515,
44227,
18194,
17631,
1126,
60412,
18268,
60518,
56532,
37914,
6581,
37461,
47431,
39444,
43275,
50398,
45196,
38532,
62061,
44649,
64514,
62338,
1705,
47906,
309,
64679,
65088,
18038,
47411,
40171,
46367,
6751,
49528,
56169,
9209,
54190,
15304,
35375,
55344,
31771,
19957,
25655,
2913,
32303,
29733,
11960,
47421,
100,
25255,
9517,
34267,
32581,
2173,
38524,
37859,
9549,
43197,
31497,
20723,
7784,
30239,
50832,
34512,
65727,
30154,
48041,
10933,
64425,
51386,
30078,
54213,
40201,
6315,
60769,
20597,
40871,
27378,
52793,
19021,
64838,
54651,
29995,
43592,
35582,
24596,
46863,
35300,
47857,
64248,
9580,
56384,
14064,
46711,
18597,
39673,
18627,
14932,
44838,
31895,
44063,
55157,
4229,
6440,
29265,
64126,
6223,
55724,
45552,
52334,
25025,
935,
11673,
46623,
62174,
6969,
59829,
44964,
60872,
13606,
8795,
44107,
35168,
25739,
10671,
2508,
47706,
44461,
35485,
5614,
9142,
35788,
8742,
49822,
19528,
59654,
13366,
26811,
47373,
31694,
4090,
57499,
54198,
20161,
45466,
61384,
33794,
55697,
34585,
49513,
48240,
53409,
55357,
4049,
45426,
57133,
27877,
14344,
34648,
63360,
30757,
16817,
37235,
47237,
16789,
17326,
35928,
11190,
34837,
49579,
1841,
62096,
9988,
61937,
13777,
41594,
25982,
57346,
15734,
9622,
932,
63828,
40404,
50767,
41682,
20343,
9514,
48532,
58250,
36857,
51237,
15759,
40896,
9702,
53948,
11935,
30061,
44764,
58320,
20974,
44860,
61939,
16488,
18419,
59718,
63375,
10050,
63880,
33332,
25279,
54569,
33042,
14071,
50027,
60855,
18171,
33750,
27135,
54475,
50755,
50553,
64094,
44982,
32424,
3336,
66209,
9240,
24000,
35221,
26625,
61706,
9262,
24837,
37637,
196,
6983,
39948,
51071,
11895,
5258,
43878,
47168,
25641,
49576,
21931,
11140,
24835,
46523,
47406,
10255,
35676,
11119,
2388,
42610,
26356,
12782,
55960,
9292,
52060,
15313,
35246,
46312,
43529,
59075,
17182,
40761,
37673,
27640,
54421,
44431,
17054,
9704,
65248,
62974,
2340,
806,
1626,
22362,
32950,
66151,
8702,
34223,
37490,
16753,
3529,
18114,
5624,
50107,
49477,
64714,
48724,
57049,
14838,
57053,
20919,
44680,
18596,
5863,
4817,
44468,
20308,
37895,
45831,
61835,
28387,
39588,
10733,
64306,
48093,
17061,
7096,
33977,
63654,
51987,
21278,
42858,
29195,
17379,
18560,
2065,
60,
38706,
22709,
40997,
5500,
62595,
32183,
35404,
47210,
6232,
38051,
66037,
40515,
33283,
31676,
45958,
4087,
42356,
25740,
50389,
14775,
38549,
40357,
6266,
36671,
40301,
40827,
28773,
34090,
38290,
31584,
43187,
29829,
17662,
13944,
4483,
60745,
24041,
62678,
12379,
11132,
16131,
17266,
4894,
25229,
28584,
39993,
20155,
32905,
58538,
48859,
56108,
24581,
22196,
12815,
21412,
27910,
47663,
20206,
35197,
18955,
10981,
1201,
4591,
14229,
45933,
64080,
60750,
11614,
46219,
49954,
54829,
10355,
49816,
48038,
48050,
6559,
53455,
16212,
15899,
32000,
8926,
25266,
33540,
46352,
35247,
2844,
18069,
53317,
25674,
48018,
62473,
43202,
41014,
42956,
17288,
33172,
2661,
53116,
22315,
46912,
14205,
6630,
7537,
61425,
39214,
43020,
50261,
42429,
10677,
9538,
45409,
39944,
39180,
34117,
49696,
51937,
24186,
23595,
12274,
11861,
64910,
24830,
37247,
65153,
46785,
3816,
6339,
59176,
35104,
45272,
20040,
61442,
15233,
12239,
11017,
22068,
64618,
45920,
4690,
49206,
20805,
18152,
4979,
1230,
265,
42981,
25668,
13561,
59665,
1717,
5654,
60842,
54643,
62168,
37771,
59698,
10986,
48077,
56689,
20477,
27351,
13067,
49921,
1581,
50384,
2355,
61191,
21646,
44467,
7423,
29417,
29373,
11963,
44053,
8451,
24742,
62354,
49627,
42946,
5941,
41027,
56248,
29919,
64614,
65506,
37476,
6781,
66023,
4989,
33100,
41488,
15828,
55493,
65445,
51649,
56316,
30699,
41738,
37037,
665,
40189,
26941,
28006,
50240,
31625,
6210,
33860,
3664,
30324,
55977,
64314,
53365,
24319,
14667,
29007,
42009,
65794,
28715,
12122,
51433,
19385,
30808,
65394,
15929,
20673,
16402,
32160,
33868,
49910,
25197,
53460,
48992,
63820,
14446,
59242,
6324,
42515,
20115,
35473,
65467,
18528,
41302,
14583,
50582,
27698,
29766,
23288,
5246,
22719,
65849,
24720,
60238,
54635,
19931,
35043,
619,
17962,
4684,
41475,
42723,
51802,
43535,
38206,
54331,
60638,
920,
51851,
38772,
23728,
25324,
34287,
7548,
52673,
33116,
38719,
15381,
40399,
65736,
959,
17436,
49013,
9180,
44825,
60509,
64168,
27299,
25314,
45199,
34553,
27616,
65273,
6094,
44379,
18530,
3745,
13902,
30925,
38004,
3482,
7179,
50835,
19090,
23282,
3496,
10643,
15246,
27574,
1,
43860,
200,
11318,
24094,
17005,
38462,
41090,
57302,
45474,
7234,
48225,
26175,
5419,
41946,
46665,
59485,
15741,
35338,
40915,
1604,
27096,
1127,
7128,
56043,
3823,
23559,
5333,
64019,
56317,
4027,
29707,
40356,
2128,
18777,
27941,
9423,
18540,
45563,
42553,
51993,
33072,
64734,
21989,
40095,
18916,
33972,
125,
57103,
15978,
37855,
26929,
61970,
44404,
26592,
8431,
65406,
32158,
38180,
27832,
45023,
17577,
46562,
5318,
35983,
34192,
30192,
54205,
29204,
41942,
21370,
55615,
11938,
39111,
37646,
25849,
42914,
13455,
13600,
46841,
21551,
3352,
15894,
44608,
62033,
48554,
60513,
34576,
53820,
63442,
42397,
6896,
16703,
37713,
48352,
35033,
1449,
22565,
15125,
43499,
28466,
21930,
39407,
39075,
19206,
30817,
24546,
810,
46289,
34147,
37472,
15277,
31574,
33389,
44602,
15235,
19018,
47999,
44122,
17303,
45847,
49504,
55785,
25895,
26023,
24729,
33086,
19213,
24615,
65064,
22094,
11179,
60249,
3881,
12301,
26932,
31401,
2283,
39268,
40314,
35779,
11927,
62404,
61780,
38947,
47816,
48424,
44250,
47109,
2011,
47866,
19712,
5634,
63053,
64530,
48787,
15586,
22325,
47808,
18800,
3557,
46088,
15052,
54730,
30181,
36041,
66212,
16440,
21874,
40818,
56921,
64194,
40567,
19360,
32205,
35016,
21555,
59467,
19855,
478,
48606,
7912,
5286,
61891,
1942,
35579,
19703,
46389,
20361,
21069,
29633,
55744,
66268,
9842,
14174,
49273,
9810,
21072,
49393,
31427,
38733,
36247,
54937,
49423,
54351,
50286,
4082,
13237,
64560,
14621,
32608,
46445,
42187,
57529,
33449,
40755,
36524,
5064,
8930,
56841,
47778,
966,
2846,
63436,
12027,
21688,
43838,
39179,
65876,
24776,
22531,
31978,
15901,
37001,
21581,
31025,
45607,
14464,
16076,
44908,
9411,
55019,
40425,
61815,
28930,
29721,
32012,
43115,
63511,
20008,
31397,
24333,
51286,
45997,
7831,
34362,
11467,
4637,
21312,
50861,
18620,
24462,
27512,
52791,
45427,
26713,
13549,
47072,
7176,
33221,
27486,
11019,
54107,
55849,
37292,
65035,
25406,
46443,
55432,
56110,
38834,
16549,
32099,
62805,
9035,
34762,
63236,
62813,
17405,
23510,
10846,
59050,
56055,
33568,
43277,
59777,
44207,
57449,
23467,
1963,
21679,
10725,
39502,
60334,
17355,
37076,
32262,
26469,
20315,
18209,
62177,
65361,
53249,
44211,
22702,
20667,
15872,
23525,
62435,
64839,
9732,
24200,
25902,
22755,
18767,
45664,
25923,
64518,
53345,
4787,
5919,
25271,
17297,
55841,
5415,
65413,
46371,
31604,
33339,
36806,
8009,
28403,
41021,
63805,
39870,
65657,
8763,
38158,
22879,
57207,
24945,
12428,
11602,
36124,
3961,
56229,
42285,
20244,
40292,
40405,
32706,
49765,
5782,
51825,
25397,
11520,
23686,
54132,
45862,
35431,
6138,
21946,
48551,
10155,
21953,
29275,
9827,
50412,
54980,
14712,
11611,
18954,
2101,
49137,
30139,
2658,
47182,
11654,
7523,
5917,
36438,
55282,
19802,
3273,
64317,
1087,
15465,
26264,
51749,
29225,
41941,
8629,
58973,
50840,
64747,
56560,
7402,
45446,
60922,
10341,
39850,
56808,
30431,
32,
11207,
32304,
6805,
33344,
3265,
17285,
39931,
36594,
39898,
2703,
60128,
48647,
18059,
62392,
3902,
1733,
59236,
7614,
35249,
64666,
9923,
46291,
28855,
606,
40367,
64358,
58595,
23091,
29299,
61222,
43167,
3633,
5568,
8647,
24748,
34809,
60759,
66182,
66140,
1244,
32038,
18349,
49884,
49030,
17476,
6077,
8948,
56629,
26155,
63714,
31056,
65262,
36395,
13716,
39804,
14852,
45647,
42055,
61559,
45290,
39842,
15589,
34254,
37698,
27584,
63130,
39373,
20530,
60057,
23600,
29440,
21037,
48488,
6928,
16425,
50862,
1074,
6588,
39299,
13932,
25181,
37693,
311,
65700,
40272,
15027,
60820,
30685,
40624,
32935,
40453,
22474,
55669,
23294,
65961,
13619,
3509,
10475,
49834,
30930,
26683,
20247,
60552,
25790,
14468,
45925,
48663,
55221,
12667,
48745,
2243,
56569,
51084,
62072,
12653,
40496,
1487,
8336,
38523,
38108,
11626,
63800,
22483,
22960,
58355,
14549,
55146,
60219,
17373,
9766,
38053,
14235,
1855,
37869,
24638,
13092,
31479,
38275,
42438,
43639,
22613,
56889,
28502,
22935,
26695,
65242,
23423,
20142,
30973,
32856,
43269,
4306,
26052,
36937,
56647,
57246,
23736,
43467,
64231,
48801,
47926,
19322,
19428,
18557,
48990,
50122,
16297,
21872,
8112,
3637,
62730,
65299,
62942,
24854,
21773,
18052,
52001,
27474,
15347,
43750,
57988,
51657,
50479,
59141,
42262,
61526,
51490,
16571,
49359,
22647,
59396,
55693,
51927,
10971,
64302,
34112,
3043,
52321,
47981,
36849,
7890,
7613,
29436,
61318,
65698,
23946,
62413,
59817,
39564,
36542,
3824,
53907,
47153,
24771,
45833,
17196,
49350,
28571,
4079,
50867,
10645,
12018,
58891,
57014,
33526,
23009,
13630,
15366,
38144,
9503,
12487,
34429,
62345,
52086,
33380,
53095,
24413,
16700,
48176,
27891,
60098,
2958,
4676,
9398,
32004,
65109,
51879,
4722,
27611,
25617,
46827,
2541,
15305,
35720,
60806,
16937,
44584,
46456,
37975,
34335,
32761,
53522,
43444,
62397,
57754,
74,
31870,
10685,
2500,
19279,
60850,
21232,
5744,
14183,
51885,
21125,
51364,
6986,
46783,
45216,
21845,
11704,
2441,
42915,
21777,
37457,
7456,
28449,
57873,
53417,
45987,
17641,
35961,
50325,
46105,
6165,
26968,
65070,
35838,
11628,
52838,
19192,
3128,
49318,
60878,
34157,
14330,
8838,
48945,
30052,
16559,
59041,
21027,
48145,
27424,
42449,
65819,
43025,
25999,
8993,
29655,
41604,
66025,
23382,
49064,
1557,
37157,
44545,
23573,
13251,
58593,
2094,
40733,
30964,
1749,
9609,
17461,
57445,
24086,
57796,
29328,
48637,
44865,
18478,
24543,
4254,
1081,
25860,
6666,
1694,
19425,
14059,
35158,
29349,
24375,
44578,
22720,
23734,
10427,
13913,
35176,
36533,
9624,
44831,
38463,
56348,
5290,
59816,
54156,
58981,
24762,
48523,
41473,
50974,
64436,
1968,
24908,
35692,
11529,
26474,
62782,
7525,
19338,
43028,
41839,
59001,
41920,
47973,
46323,
11454,
40998,
16980,
4631,
58447,
6741,
38461,
9534,
35752,
56234,
56355,
59358,
34371,
18318,
34927,
29255,
5996,
47071,
28598,
50686,
62703,
16610,
1852,
32065,
60066,
38904,
33543,
27978,
32035,
41225,
28708,
11217,
63930,
17599,
35008,
57149,
7740,
29145,
6566,
50647,
61544,
23916,
12467,
29939,
61782,
64195,
40689,
12472,
59340,
28888,
8413,
56005,
36909,
45262,
59778,
3670,
59368,
7044,
14837,
26829,
6287,
53156,
65117,
65001,
41844,
16956,
51355,
51924,
54076,
50975,
18348,
5404,
8434,
65163,
57475,
47688,
35833,
54249,
29771,
48750,
26409,
61805,
9540,
17305,
40845,
52461,
4506,
39947,
8069,
6031,
31780,
61911,
32193,
28330,
51226,
42092,
5354,
53392,
56675,
39410,
34793,
24556,
26933,
652,
15631,
46875,
60453,
51261,
59391,
37190,
57375,
55407,
11142,
4432,
13684,
55711,
45026,
32405,
28454,
15866,
43451,
55383,
32662,
28231,
2891,
12085,
1233,
14400,
50632,
22264,
683,
50476,
53791,
58396,
32033,
9138,
55205,
29925,
18774,
66003,
19857,
16920,
21500,
48844,
60998,
19563,
46025,
38132,
16990,
51412,
60559,
49667,
18118,
64256,
22933,
4496,
43584,
18892,
33769,
32382,
32069,
60857,
48092,
23868,
42476,
36922,
47198,
38196,
37874,
14167,
40969,
29888,
12960,
49990,
62698,
40813,
64128,
39330,
60143,
45543,
50634,
44228,
43552,
18617,
3349,
40112,
1858,
30762,
63489,
31964,
21691,
7361,
31506,
17678,
17026,
55903,
49585,
13762,
63056,
45361,
26663,
251,
56006,
50621,
45714,
13242,
16231,
60627,
54027,
1835,
9850,
61368,
21305,
9016,
54227,
21867,
30884,
36534,
19937,
18186,
32439,
64762,
8975,
65882,
64024,
27415,
29894,
44074,
17442,
21151,
55727,
61381,
7519,
15258,
5378,
60915,
28442,
22190,
24637,
26201,
30034,
28678,
49741,
45761,
30267,
31748,
65543,
44753,
4733,
4835,
19599,
30203,
917,
48022,
43804,
46178,
7546,
58029,
50396,
41444,
36090,
14717,
39577,
4825,
29659,
44184,
25335,
19458,
23314,
7821,
37631,
9409,
40604,
29601,
55377,
32570,
24116,
20994,
11306,
66202,
11565,
64689,
9830,
27063,
36945,
44912,
25320,
27441,
64957,
5380,
26388,
43096,
35722,
31059,
28533,
51747,
10382,
5991,
46420,
11006,
6274,
43546,
50341,
40754,
4854,
61734,
1268,
32338,
47285,
24879,
530,
19958,
36818,
29130,
46296,
23516,
21314,
48584,
55773,
5370,
16801,
35371,
32458,
34462,
51787,
21222,
2501,
45747,
29725,
3251,
49445,
57044,
44848,
61134,
28379,
28722,
22174,
54576,
31811,
27427,
45468,
22238,
33545,
36626,
56654,
33434,
29790,
51533,
66150,
11526,
63810,
44150,
47512,
649,
44774,
45738,
33405,
47962,
44916,
54735,
825,
64566,
56725,
56803,
41078,
12560,
1576,
42874,
63470,
28320,
54071,
36048,
10516,
28336,
15255,
34958,
9130,
64827,
14724,
64506,
7590,
44050,
2010,
14809,
37636,
47888,
40156,
46363,
57986,
16638,
58077,
43325,
16433,
32794,
8362,
39998,
15496,
29915,
55509,
65576,
58160,
5717,
35111,
2264,
60670,
23330,
49456,
61247,
16720,
30167,
10180,
11710,
2517,
65826,
53161,
4539,
36825,
434,
57885,
26064,
65975,
22590,
42701,
33193,
14693,
64419,
56281,
34075,
16711,
21270,
42358,
54794,
32806,
65173,
20130,
25358,
41210,
55691,
35746,
53421,
45680,
22009,
55848,
27293,
26644,
33556,
8785,
59832,
20717,
44684,
12196,
30971,
57135,
9389,
65180,
61101,
41896,
50558,
56994,
202,
46670,
4036,
5754,
216,
21022,
61456,
20006,
53688,
4420,
32875,
58624,
6886,
35429,
15960,
8058,
28887,
41309,
56864,
56764,
2192,
45836,
3080,
15410,
18571,
53114,
23261,
6669,
47452,
58461,
27577,
8878,
54067,
50894,
24080,
28455,
19265,
15205,
36683,
59646,
21943,
40953,
55557,
22223,
39995,
45146,
29217,
28074,
4561,
13818,
17263,
32019,
17931,
49524,
7418,
10188,
47065,
14730,
17318,
3057,
22110,
16,
957,
1051,
32757,
32124,
54697,
43620,
37959,
37851,
51806,
58630,
59296,
57702,
40981,
32680,
30553,
34957,
52634,
65592,
2476,
15686,
43505,
64482,
37547,
65475,
8265,
15584,
14633,
44403,
8222,
22964,
10958,
30330,
6665,
8720,
57668,
45875,
50167,
32654,
37831,
58855,
47211,
24352,
4,
7487,
19426,
50703,
20663,
31664,
62844,
19925,
14239,
57767,
6865,
42521,
52892,
47474,
38939,
61072,
56630,
3169,
50387,
5293,
50556,
15892,
51210,
61261,
55341,
17174,
11593,
48133,
16438,
47351,
1004,
312,
14307,
47789,
42710,
19606,
61794,
22899,
56368,
42622,
3840,
30600,
4735,
35341,
10277,
28266,
56920,
9054,
40729,
15865,
56041,
49654,
53811,
65817,
12660,
33883,
17967,
10113,
40365,
2503,
20931,
60996,
44186,
40546,
16155,
40738,
14779,
18891,
32604,
26188,
47607,
38974,
17429,
54033,
52204,
10051,
9040,
527,
38872,
45128,
40941,
64353,
30119,
10689,
17868,
39404,
22327,
25838,
8783,
63412,
50147,
47446,
148,
17802,
47957,
55451,
32695,
54060,
16547,
32539,
66118,
54805,
60033,
50868,
59558,
31187,
51742,
48929,
27571,
42977,
22584,
64478,
62885,
42196,
36215,
20351,
38229,
5858,
22321,
60300,
61748,
7330,
14166,
25034,
55949,
12966,
10026,
64186,
82,
7986,
27876,
30984,
182,
13737,
57576,
19264,
39091,
28569,
29951,
21529,
43172,
37739,
4484,
53335,
2194,
7960,
23545,
64652,
24861,
16295,
2906,
15796,
42917,
34904,
1274,
48710,
65740,
17828,
37352,
34256,
26869,
3236,
13114,
32067,
19617,
59732,
3578,
26480,
19293,
11658,
16904,
44677,
30451,
52635,
31631,
48792,
11482,
61624,
30094,
13569,
56296,
35564,
1188,
26907,
62468,
32208,
6864,
35652,
35666,
34408,
9524,
43707,
41271,
16627,
65450,
47358,
19261,
52363,
17925,
57515,
25081,
43526,
37284,
57584,
65142,
58454,
51888,
31354,
18387,
56246,
57024,
43190,
49894,
54535,
21607,
60185,
60193,
20593,
18816,
40216,
6600,
54172,
501,
65674,
62830,
61714,
55621,
6390,
14136,
58689,
8691,
20771,
34479,
7157,
21868,
29098,
4812,
62550,
33856,
118,
51710,
8945,
44943,
1704,
27388,
65388,
18336,
64489,
31624,
26866,
3118,
36502,
10822,
59623,
52787,
55683,
36029,
47035,
6935,
52869,
61798,
3041,
50234,
4565,
33798,
58092,
27267,
59931,
19221,
18350,
53965,
56307,
64052,
50383,
10032,
18986,
55495,
48758,
49365,
1218,
29043,
33113,
64980,
11880,
52743,
17875,
28956,
42359,
62862,
47846,
11114,
62131,
45822,
1229,
4738,
49726,
4340,
56916,
18197,
27458,
14049,
15906,
33033,
31454,
41076,
28339,
27778,
57610,
20379,
65255,
24148,
43227,
44486,
34708,
55241,
38107,
47643,
20631,
55114,
5398,
3965,
36727,
56013,
54898,
31683,
61270,
57771,
27328,
41908,
18848,
62316,
63997,
10590,
40756,
11649,
3941,
7443,
7701,
59079,
34833,
32104,
11936,
61491,
43497,
5678,
65652,
57971,
9671,
36390,
64819,
46460,
62968,
10789,
43959,
31374,
6167,
53540,
15861,
33577,
40011,
32755,
6692,
25170,
39119,
13976,
39664,
40172,
46940,
23633,
10201,
12044,
11060,
10663,
15647,
39663,
57624,
48543,
30701,
33028,
46419,
4513,
55900,
19526,
9843,
48115,
35985,
56812,
60919,
15683,
4987,
63994,
13943,
20912,
30033,
35935,
25766,
66198,
13170,
34017,
8237,
15560,
3695,
65845,
54098,
65146,
13839,
55021,
44264,
12989,
40552,
37541,
8961,
33489,
47156,
9569,
13779,
41735,
63242,
61501,
50448,
40891,
18860,
29744,
1272,
52395,
53288,
46935,
28490,
2848,
6239,
12797,
17162,
8354,
4632,
31594,
26190,
14957,
58318,
54274,
48634,
54093,
45447,
51672,
65609,
14302,
47135,
29352,
1811,
32335,
29448,
25104,
52240,
63196,
16758,
66180,
15582,
53328,
20011,
63379,
29038,
66239,
60425,
51056,
21631,
38370,
57994,
42824,
14041,
31712,
30562,
66215,
59095,
9065,
47829,
55797,
58788,
20093,
55179,
34979,
42591,
23799,
52878,
5202,
19864,
47204,
46920,
2135,
39177,
63646,
52260,
37130,
8410,
10864,
5646,
40411,
32165,
52302,
9974,
64167,
58229,
50135,
28668,
13135,
4686,
24881,
1286,
31416,
47023,
695,
64510,
31833,
30210,
15157,
12470,
29434,
63731,
17584,
42318,
10784,
39021,
21377,
902,
43681,
27838,
44002,
24751,
22008,
7259,
41799,
27127,
25660,
36979,
53251,
59487,
41673,
35206,
11298,
4271,
63390,
7522,
14706,
44991,
48775,
4828,
14444,
48717,
7112,
40928,
31541,
54343,
60892,
49096,
48951,
39513,
15963,
42773,
7764,
48915,
34101,
52880,
45302,
65443,
65208,
31494,
24914,
8679,
13526,
9387,
43785,
419,
28372,
49495,
4621,
65955,
5799,
25743,
45076,
3220,
23414,
25090,
26743,
51027,
13545,
60947,
10925,
30080,
57822,
33442,
21618,
52181,
21712,
47385,
17961,
30507,
59469,
2876,
62959,
32508,
46241,
58782,
25891,
62169,
38230,
56247,
18935,
39217,
21901,
13316,
41449,
64794,
38968,
3212,
39082,
57609,
29728,
32026,
11480,
51011,
25121,
41708,
19013,
13300,
51353,
24497,
11559,
53788,
21926,
34053,
56548,
9699,
19258,
44751,
32310,
61068,
37187,
43967,
1637,
51627,
42950,
49744,
2397,
5577,
21436,
34709,
43235,
23594,
6190,
29843,
5970,
58867,
11554,
3421,
42592,
28851,
64913,
13153,
8383,
31053,
30437,
44890,
14646,
65319,
32924,
520,
8881,
34962,
18445,
55115,
42891,
33760,
9214,
5610,
5027,
52738,
59226,
21699,
12918,
47894,
3843,
12519,
30846,
6279,
13120,
65718,
42075,
23118,
5647,
24127,
16101,
31965,
62226,
30188,
3105,
25388,
3427,
46987,
33962,
66021,
59456,
5785,
391,
39355,
63984,
34392,
14214,
18229,
63483,
13631,
37253,
11167,
22820,
39283,
64570,
37688,
62949,
29107,
53880,
58612,
4498,
43061,
50830,
50329,
27586,
54563,
33055,
37452,
8863,
34487,
2018,
43148,
18625,
30175,
43315,
2678,
27605,
50645,
54632,
57516,
66079,
35591,
17388,
51973,
28676,
43580,
17064,
21801,
16492,
13628,
40332,
63017,
45127,
26337,
41636,
45132,
10116,
28048,
18937,
37969,
53822,
2966,
44219,
54376,
42545,
46063,
48146,
29714,
17226,
42575,
17097,
29019,
47982,
7045,
43516,
31576,
22164,
62075,
30445,
29003,
21210,
18437,
12954,
16553,
46588,
18581,
39109,
36369,
65628,
61965,
31312,
24539,
6356,
37150,
17456,
2410,
15033,
56658,
65918,
18396,
47188,
30426,
65769,
36324,
18088,
24657,
65637,
25444,
29772,
491,
3007,
15030,
50204,
51620,
23786,
12440,
36900,
62686,
44284,
17982,
59382,
44516,
15352,
56999,
30193,
32031,
13269,
30580,
60181,
27530,
64988,
4962,
28056,
59488,
17720,
20694,
37062,
35048,
63437,
3917,
64624,
7855,
55517,
56420,
7896,
17792,
54307,
42084,
4088,
19472,
29302,
54953,
27241,
9712,
16136,
30590,
55617,
59978,
64690,
44606,
10578,
62390,
18157,
58546,
35540,
7923,
62326,
19968,
61124,
28236,
1367,
31433,
36875,
16588,
6134,
53196,
14918,
23944,
21902,
55521,
7287,
65840,
14858,
6562,
3650,
66048,
15387,
7699,
58913,
21684,
27403,
61151,
9855,
29321,
55966,
903,
58208,
49344,
26731,
50629,
46597,
21488,
44857,
25193,
15641,
432,
26751,
39861,
41866,
28774,
20270,
23481,
49199,
30670,
64488,
35553,
47731,
20005,
25664,
8689,
666,
18604,
6849,
38298,
55223,
7865,
5573,
4912,
4910,
15056,
26817,
6396,
27001,
19348,
50154,
1553,
17781,
38221,
16252,
16925,
2981,
32770,
17783,
63999,
11791,
59853,
32705,
48528,
63763,
29722,
21877,
62660,
34865,
9502,
55123,
13544,
15450,
28015,
22662,
34986,
34353,
11522,
11788,
2024,
50339,
43192,
626,
29867,
32186,
36680,
15254,
8889,
40512,
27059,
39135,
47565,
44025,
18982,
62493,
30070,
35562,
55918,
38630,
54306,
11971,
11719,
62738,
25752,
8179,
18804,
55218,
10637,
55936,
63771,
36780,
55460,
31504,
46179,
59840,
63946,
57854,
45407,
45150,
42237,
15340,
8153,
46015,
51591,
6264,
26013,
44655,
57919,
47466,
48001,
48458,
27875,
56096,
48956,
13641,
26527,
55896,
6544,
9459,
23208,
50231,
30665,
3699,
49631,
44863,
54518,
58079,
39884,
45771,
42719,
25027,
28050,
60911,
58167,
25318,
65686,
22024,
50991,
7421,
3435,
17863,
38331,
65641,
30950,
35452,
32345,
6784,
57662,
48106,
25943,
57648,
48916,
43292,
12302,
62590,
45794,
66147,
61181,
9272,
32769,
6470,
34870,
14653,
58124,
65768,
63264,
49881,
11651,
41446,
36711,
42825,
61377,
39566,
58244,
48203,
11035,
21146,
30306,
49242,
39605,
32776,
34323,
28967,
1221,
10711,
12926,
25156,
10546,
20128,
25857,
25965,
2942,
24499,
2,
5605,
59838,
65368,
52130,
39445,
10692,
37274,
39727,
28965,
31634,
6866,
26389,
58552,
57259,
11538,
37460,
893,
32685,
14505,
4242,
35285,
50595,
25579,
37042,
65063,
18693,
61464,
33553,
39755,
15921,
30911,
60199,
61083,
6425,
6489,
6133,
55638,
58200,
40052,
65466,
50185,
65112,
26205,
13533,
5219,
3337,
43931,
49194,
1719,
60589,
12865,
43565,
26986,
64752,
3580,
42000,
8326,
33616,
23642,
48897,
29065,
40841,
48140,
40127,
21728,
53623,
24291,
52244,
7196,
4348,
48524,
31528,
25253,
54956,
32760,
15440,
33149,
9567,
41674,
42194,
32781,
20603,
25305,
25796,
57056,
29152,
3209,
60364,
49782,
22932,
2389,
19203,
40494,
52488,
34877,
50520,
15145,
2085,
17046,
54793,
12761,
54814,
55168,
41427,
16701,
47473,
19421,
54880,
61467,
63961,
53164,
56515,
57010,
59503,
6704,
4265,
16435,
38762,
45438,
42441,
43330,
56673,
11211,
53871,
43341,
36154,
5591,
60358,
25717,
13375,
2478,
23228,
9128,
5494,
19983,
28130,
5716,
56352,
11224,
24294,
1429,
26156,
27769,
23652,
52913,
4606,
60152,
24248,
36345,
8875,
65464,
37513,
52818,
30969,
46896,
62747,
18965,
1886,
58857,
51293,
53100,
5523,
22569,
47811,
12521,
56583,
10306,
27227,
55130,
32551,
19357,
64257,
45090,
2971,
18721,
58267,
26882,
11351,
58252,
36392,
46246,
62305,
7867,
42279,
22804,
55804,
31442,
54464,
44535,
49052,
20448,
27943,
58749,
776,
3659,
34631,
52190,
23450,
21525,
33766,
62697,
56527,
60340,
29485,
25576,
50014,
59746,
36728,
59867,
55756,
66207,
39597,
18416,
41366,
61015,
65489,
38240,
35015,
40553,
48255,
57558,
14856,
18426,
13287,
8420,
13244,
38328,
17877,
62739,
21224,
59565,
51796,
33927,
22545,
11595,
21316,
53085,
65281,
33175,
2335,
58516,
23489,
47131,
49870,
59385,
24770,
39295,
25886,
58784,
3455,
34197,
56089,
15753,
61155,
56919,
34276,
28638,
26824,
165,
23503,
40221,
20578,
23434,
6769,
16265,
26917,
35661,
63367,
61737,
32896,
36418,
10562,
50259,
44529,
29292,
15417,
29564,
7188,
58872,
25843,
41780,
16694,
66148,
45717,
38394,
6971,
2363,
54031,
38103,
9803,
12765,
48281,
16964,
48821,
48462,
9297,
54391,
12552,
12497,
61312,
61698,
35513,
19118,
13085,
14912,
21527,
22914,
5686,
7656,
20186,
27724,
38314,
56482,
21398,
63890,
40245,
29723,
43043,
17013,
25063,
34629,
46062,
47725,
9756,
57232,
6295,
41938,
37132,
37118,
50285,
21983,
46925,
60938,
22098,
16522,
20904,
52696,
44876,
30245,
34244,
61675,
20926,
39058,
42160,
57454,
49867,
33677,
6783,
45228,
57724,
28647,
27362,
35162,
63222,
44637,
10283,
63813,
46731,
36614,
61077,
58620,
43230,
38852,
4364,
20660,
8694,
52095,
14535,
20492,
3677,
51212,
22714,
19778,
54593,
17504,
2576,
32091,
21078,
54231,
31560,
28176,
38901,
53122,
39769,
2905,
38100,
54444,
39059,
35331,
16884,
60264,
9782,
64782,
21885,
3632,
48872,
37268,
19765,
51746,
28992,
5780,
2269,
59471,
54239,
21241,
8735,
49907,
3211,
64768,
62861,
42308,
496,
5715,
31020,
65791,
47368,
46991,
36597,
64673,
47810,
31301,
30475,
54361,
50710,
47529,
46720,
19281,
60018,
49713,
34486,
20479,
34548,
10239,
8332,
43031,
58470,
52689,
10012,
57824,
26316,
34378,
13004,
6548,
2038,
58724,
1468,
22888,
34301,
9169,
7177,
3967,
59130,
10614,
33870,
15358,
12528,
17991,
8161,
33190,
45682,
49966,
33851,
52432,
62018,
9987,
59012,
33063,
37438,
19310,
8425,
47216,
39963,
41857,
63218,
61858,
5452,
8457,
49080,
4346,
24831,
41691,
57790,
46608,
30296,
59839,
53492,
33793,
43963,
16360,
33824,
16887,
55322,
56164,
32206,
30609,
14995,
2878,
33347,
15263,
27494,
24197,
38372,
56225,
53230,
33205,
15416,
22850,
27931,
48040,
40849,
54738,
30540,
46936,
11533,
22543,
15998,
35604,
48292,
50095,
15299,
34359,
7422,
33881,
55513,
33561,
5650,
64253,
22865,
29716,
54113,
58709,
11745,
38827,
45391,
34665,
60598,
37681,
33893,
33306,
58280,
5981,
29179,
41521,
50379,
36998,
14774,
45609,
59569,
63203,
57319,
57734,
6598,
50807,
52819,
62837,
8486,
16322,
28636,
8973,
45236,
10515,
26053,
20282,
4276,
62945,
41212,
36804,
46914,
62800,
61299,
39542,
65773,
47175,
49082,
28848,
18347,
40765,
45390,
39332,
59620,
27475,
56882,
9255,
47469,
35276,
2821,
58133,
7088,
6371,
62564,
9149,
44417,
28214,
62336,
57517,
63072,
1752,
27807,
6707,
6689,
9368,
34885,
41060,
33419,
44078,
53917,
9869,
5377,
25638,
20881,
49660,
26172,
48162,
12465,
57956,
46437,
16512,
3625,
45650,
34248,
9220,
59158,
64791,
17947,
33665,
65037,
27372,
44230,
24755,
56129,
56899,
59749,
35602,
11858,
7750,
65779,
29437,
33214,
42213,
43576,
50853,
32694,
40248,
2494,
61205,
49146,
17403,
55991,
11831,
3179,
17052,
64936,
36620,
63888,
58984,
9738,
27350,
32918,
1708,
2652,
49536,
38460,
33511,
60838,
16030,
27084,
43256,
12442,
16576,
59008,
55852,
8373,
25934,
61145,
64546,
21887,
22318,
44200,
63877,
64968,
60698,
14782,
57714,
60736,
19061,
44926,
4748,
3780,
50121,
154,
4625,
58241,
12867,
31579,
43888,
8692,
2164,
16659,
58895,
32637,
62655,
9204,
35463,
41703,
64539,
23618,
45937,
48723,
352,
29759,
63321,
20023,
49398,
20384,
8584,
48196,
61130,
22345,
11814,
1100,
20504,
33795,
15500,
46891,
57326,
62479,
44134,
47506,
59802,
34747,
46109,
28356,
50509,
3139,
30678,
59823,
46805,
17836,
14036,
28700,
25507,
31144,
18629,
25402,
47880,
57020,
32085,
20699,
61917,
57601,
15004,
63505,
44965,
62496,
31548,
41936,
34914,
41641,
17971,
23560,
20698,
4059,
57603,
54940,
47127,
59737,
36201,
62436,
58326,
17874,
4282,
58220,
7464,
36938,
59586,
14751,
30814,
49548,
30726,
24810,
19930,
12991,
43789,
26895,
44447,
42232,
40069,
25233,
31323,
2444,
24884,
38812,
64437,
8541,
39443,
34829,
5149,
54971,
44781,
2019,
10459,
41516,
57559,
26371,
8453,
2991,
10236,
48734,
37192,
33468,
33117,
52376,
6493,
9663,
53796,
37867,
42002,
40760,
57670,
25083,
39807,
1628,
8305,
14404,
50790,
56596,
46160,
19451,
19579,
4063,
64085,
26370,
2701,
53819,
12450,
17204,
53446,
18888,
49388,
53662,
7300,
11943,
41492,
39969,
9786,
36210,
28422,
43183,
59812,
32716,
48300,
29059,
12622,
25489,
30789,
37889,
35948,
134,
53836,
47521,
17906,
63186,
57748,
16082,
5186,
57256,
63695,
62073,
735,
47222,
60984,
25884,
59223,
63355,
22898,
29522,
24135,
31723,
45155,
62932,
8560,
62526,
51617,
65581,
27934,
5080,
16150,
9351,
24031,
66175,
40214,
6576,
33802,
22863,
43019,
43406,
34749,
28260,
32975,
35533,
60438,
15490,
26622,
52381,
53985,
58507,
2783,
22067,
52342,
34394,
43171,
28299,
467,
54407,
6748,
37267,
6325,
39311,
34198,
44016,
13281,
27259,
46129,
2895,
59902,
34162,
17564,
18283,
10480,
52495,
35871,
57870,
57693,
35476,
48953,
43570,
57129,
3994,
60862,
63891,
63500,
23947,
59149,
63014,
35688,
52997,
35805,
3681,
46115,
28913,
2920,
53577,
39227,
64326,
12807,
15767,
22376,
32921,
58275,
19950,
38386,
17567,
1017,
63967,
37011,
2797,
52203,
48553,
58009,
36523,
6978,
61573,
21120,
1452,
46979,
29959,
50088,
57784,
16503,
34070,
18734,
27535,
23923,
47854,
5989,
42578,
39387,
59268,
36696,
43726,
60721,
39035,
64873,
51436,
16691,
27927,
45860,
34013,
23216,
65199,
32881,
45701,
245,
14479,
57279,
48784,
11501,
24900,
57720,
25085,
26163,
4616,
55805,
14826,
46391,
25102,
34758,
22983,
14190,
8801,
3466,
22023,
52365,
57823,
11191,
28934,
20801,
28043,
50299,
30606,
36575,
59971,
40153,
6701,
54798,
5217,
52468,
17158,
5257,
5362,
23701,
28080,
8658,
60309,
43791,
12299,
60346,
44118,
36808,
33573,
34944,
59602,
4830,
47571,
22274,
37622,
47501,
56857,
56375,
57851,
49081,
65264,
62484,
17810,
30127,
23713,
41141,
16787,
27938,
42930,
57127,
5923,
30612,
2259,
3996,
6688,
15278,
37194,
60864,
39130,
13593,
40976,
43098,
9579,
5054,
60442,
1495,
29037,
51556,
63639,
60067,
18967,
53862,
25248,
21006,
4138,
39389,
54537,
21594,
55354,
17890,
62353,
54254,
11334,
43698,
54030,
2463,
31130,
32121,
29196,
22291,
35816,
31867,
20481,
25828,
55007,
28022,
9461,
20106,
34813,
21537,
9019,
45589,
35655,
10142,
33662,
57791,
5558,
58791,
61826,
50586,
23676,
19507,
48461,
57641,
4816,
66030,
5453,
36516,
38471,
15924,
50817,
12255,
61812,
60155,
8106,
61846,
45338,
24834,
63443,
42172,
6147,
30073,
41345,
54710,
65515,
45912,
4965,
56860,
30865,
19407,
65904,
63079,
37902,
2056,
13011,
18269,
21512,
37152,
19554,
25905,
15286,
30671,
33031,
37765,
29226,
62723,
36712,
42877,
9508,
51677,
51765,
42555,
34787,
10270,
231,
39197,
62913,
19096,
5766,
2947,
34342,
50357,
60940,
36783,
29580,
59334,
40623,
27684,
66254,
41240,
11220,
48699,
48382,
6937,
15164,
47484,
39030,
39956,
4874,
3712,
64572,
19607,
9232,
7664,
7108,
261,
31951,
26221,
39326,
56505,
51217,
50483,
6394,
21610,
42955,
2181,
27410,
15688,
46396,
348,
30525,
54319,
59453,
21423,
25118,
58288,
54768,
54556,
55713,
21476,
66034,
58154,
61081,
9441,
21523,
15542,
26170,
38721,
55810,
40817,
14101,
34028,
4386,
48621,
10011,
42866,
32605,
16684,
476,
5342,
14557,
17181,
28345,
45496,
31532,
57655,
17396,
18452,
7332,
53915,
7393,
60405,
19358,
31547,
52202,
31112,
38441,
14053,
45245,
54830,
39634,
16745,
55097,
50315,
44087,
8982,
52507,
32494,
46401,
31490,
39930,
51909,
53379,
44147,
25903,
12477,
49939,
61449,
43392,
11471,
18705,
407,
23426,
13456,
2058,
3092,
11421,
27182,
21109,
13172,
57252,
58917,
50196,
38351,
7651,
26325,
62480,
42667,
61482,
63155,
63948,
47444,
5755,
36144,
13215,
15124,
11646,
5757,
44917,
29686,
17448,
30067,
38661,
18413,
22007,
57889,
25578,
37629,
4313,
38450,
56492,
31519,
28040,
53418,
13260,
46264,
37203,
42178,
64767,
8105,
12266,
47105,
62620,
37933,
14360,
26101,
53237,
39796,
4957,
31003,
27404,
19024,
41338,
61188,
58459,
1442,
35477,
39098,
29286,
48155,
17239,
3364,
33363,
37661,
52567,
39895,
53951,
38995,
17314,
16974,
58676,
58098,
5975,
43833,
48678,
15917,
35968,
20253,
10613,
35040,
29063,
56554,
52632,
48823,
6987,
49661,
34587,
15430,
25302,
25145,
35759,
23321,
57656,
31030,
47146,
737,
23518,
18254,
62759,
22394,
21744,
6503,
4314,
43544,
51857,
33268,
14280,
20812,
22252,
31564,
13926,
37378,
41686,
50583,
30892,
22856,
25989,
9484,
12659,
15673,
60290,
20754,
44723,
6730,
53833,
13301,
42513,
5635,
20623,
65312,
23209,
4994,
5230,
30806,
28328,
3498,
37349,
47550,
37531,
46753,
31225,
50317,
22015,
1493,
41969,
14568,
14291,
35420,
1600,
39312,
29591,
1445,
45790,
5839,
49962,
3520,
56959,
61502,
14074,
5788,
62674,
42702,
52123,
58411,
51223,
14051,
14372,
16857,
47721,
23987,
28729,
43768,
30696,
10359,
58406,
39879,
35899,
10983,
19883,
32561,
45064,
5823,
29983,
8369,
41499,
32579,
65875,
23267,
24580,
17680,
51705,
10048,
21031,
24973,
8091,
31628,
42239,
19821,
23285,
24953,
31049,
34174,
2773,
22129,
36412,
607,
61076,
15911,
27921,
57876,
46939,
25896,
62573,
4441,
4955,
699,
48126,
18075,
54,
23252,
29087,
60663,
33758,
10596,
60045,
36109,
32162,
23929,
32307,
1614,
45144,
19827,
45989,
4156,
61248,
58118,
18664,
17573,
39731,
1990,
6496,
4892,
6079,
37236,
29052,
63597,
787,
60634,
21119,
20891,
63802,
62295,
19355,
28802,
42367,
11546,
60920,
48070,
36160,
9861,
28496,
39540,
13441,
30487,
43126,
23370,
63075,
1833,
7871,
33882,
45671,
38560,
47258,
11795,
39827,
8217,
9354,
5183,
58599,
5778,
22841,
8119,
48469,
23901,
28549,
27377,
52512,
41744,
4773,
63904,
26643,
45846,
48677,
864,
58450,
41934,
28393,
65282,
61371,
32431,
65862,
54922,
45381,
41732,
58914,
18036,
50870,
46797,
50601,
37995,
42236,
2371,
53041,
23976,
6789,
34894,
1140,
31671,
41964,
18248,
57021,
50186,
52729,
6306,
61819,
54316,
6289,
30740,
65927,
36679,
43013,
43757,
58813,
65257,
31929,
49557,
58045,
34218,
34908,
28805,
49710,
53979,
10791,
47520,
16927,
30425,
53835,
26115,
44363,
29618,
9792,
17791,
19738,
55466,
8277,
62556,
8147,
62059,
56804,
65050,
58892,
12343,
16942,
8852,
9958,
65133,
31904,
14840,
54182,
19053,
45072,
3859,
11723,
46361,
55338,
35951,
24354,
18454,
14707,
16543,
18215,
36689,
8405,
44154,
52603,
15024,
37354,
6939,
27646,
41230,
33228,
9075,
34246,
62282,
5402,
46016,
54901,
10386,
51032,
61972,
54406,
13948,
14461,
54999,
23128,
63211,
16899,
18746,
60277,
61833,
47831,
36052,
16924,
56566,
17104,
47097,
48860,
53135,
26069,
56839,
3741,
54011,
42281,
4380,
60097,
40199,
46910,
26709,
29091,
43964,
39903,
27417,
37894,
13792,
32137,
30946,
19086,
20512,
34688,
33493,
44356,
44598,
64056,
29432,
30638,
3187,
20992,
22598,
61753,
35730,
56008,
61257,
41455,
6310,
61172,
8436,
54526,
20323,
48812,
28081,
55734,
11890,
43133,
47504,
22061,
8028,
36451,
27138,
35680,
59147,
25500,
37433,
47645,
31922,
18028,
587,
60667,
3351,
48904,
35075,
20568,
38740,
33224,
8672,
8302,
20317,
52679,
64663,
35353,
56666,
33046,
53309,
53035,
39289,
57070,
14260,
37709,
30559,
42675,
46478,
61621,
15672,
46376,
51803,
23722,
59819,
45985,
56742,
14644,
48610,
65277,
44140,
25292,
8372,
47118,
11748,
27352,
59086,
45283,
23669,
41638,
21855,
50816,
35534,
9915,
47317,
28978,
16311,
26944,
12000,
49656,
37882,
15571,
16348,
12794,
20508,
898,
20626,
52015,
30309,
43484,
30089,
11263,
10211,
33426,
16174,
49075,
6351,
20463,
33211,
43682,
50292,
61162,
55095,
34485,
43891,
41633,
40675,
8388,
15690,
36771,
21400,
17217,
52143,
44749,
51925,
62265,
37910,
23165,
22910,
64495,
3892,
26130,
9864,
3928,
28268,
8334,
47420,
41871,
56428,
24841,
42105,
49988,
16994,
22845,
8983,
23731,
3922,
30693,
29831,
8669,
47879,
28292,
3857,
49054,
53581,
22519,
24956,
62891,
16171,
38936,
30777,
29673,
65202,
30894,
59495,
15492,
10713,
30519,
5479,
30947,
48755,
3451,
54447,
7126,
55794,
26645,
15674,
30407,
57548,
44587,
12279,
63565,
58263,
8858,
29776,
41176,
60444,
47659,
29382,
46692,
48867,
30332,
14804,
24670,
16563,
1712,
26063,
49312,
63851,
47283,
9868,
4786,
17715,
17102,
28868,
47468,
20095,
49752,
42223,
46701,
19954,
60000,
59937,
13918,
16709,
50743,
58623,
11681,
17356,
10998,
1901,
22688,
41301,
4140,
49245,
3196,
52624,
46340,
65957,
56402,
60421,
42230,
5036,
53868,
6086,
28839,
58726,
33472,
694,
45355,
28858,
33572,
52483,
19867,
5708,
43549,
43608,
18919,
15925,
46455,
61728,
16598,
33957,
32428,
33550,
61075,
20357,
37245,
46271,
11632,
34296,
23992,
42582,
36782,
45439,
55120,
29056,
54163,
18304,
53639,
32591,
34099,
22859,
64203,
23530,
50279,
17758,
50557,
33997,
52104,
48942,
35426,
43347,
28173,
14244,
11621,
57125,
22271,
54827,
38854,
47331,
56536,
31121,
37004,
39463,
46993,
2076,
13096,
8488,
25251,
48431,
33458,
7815,
61952,
18563,
24528,
20546,
46565,
65748,
60865,
25512,
20217,
36994,
52955,
15390,
30650,
38750,
46503,
4734,
23410,
11844,
50633,
30518,
4032,
57380,
3216,
61499,
26723,
45766,
16485,
889,
31174,
54419,
23836,
21756,
38614,
364,
64836,
12358,
35070,
39465,
62835,
53105,
50072,
46408,
52325,
28993,
13267,
34751,
28407,
11957,
14719,
38409,
15452,
49279,
12091,
25084,
11821,
33914,
11392,
25850,
5491,
30148,
35596,
65089,
1048,
28506,
24995,
28347,
50165,
33929,
9805,
18060,
17793,
21948,
3530,
18166,
27968,
17707,
20278,
55361,
26545,
52264,
43180,
56367,
29874,
14209,
41067,
57712,
48607,
28137,
26993,
43335,
8706,
15005,
9486,
1632,
42008,
50636,
15658,
3066,
8273,
30346,
41059,
60191,
16702,
38343,
15966,
16384,
3242,
59274,
6988,
24624,
36590,
38886,
51539,
24532,
65377,
47754,
23727,
52820,
55928,
29886,
17201,
36776,
49413,
57564,
59945,
2077,
28102,
25515,
18569,
51015,
13427,
38587,
15415,
28350,
7843,
60186,
5745,
34034,
51156,
64961,
41992,
26232,
33809,
63224,
60834,
24991,
65367,
16768,
39358,
5563,
53259,
61871,
23739,
25445,
38254,
30571,
51344,
44464,
63247,
2379,
9492,
20430,
60258,
13020,
57980,
18681,
13563,
61743,
38002,
27846,
63875,
9162,
31680,
10570,
1370,
60831,
55060,
65579,
2212,
53906,
65197,
57368,
58752,
36529,
40041,
47049,
31077,
15,
32143,
48701,
53740,
61306,
40487,
45105,
2865,
26478,
52493,
9464,
38362,
3754,
58866,
62268,
32544,
54847,
11423,
2202,
65630,
43841,
21230,
5638,
28979,
6770,
61428,
10404,
259,
54670,
32270,
14419,
60183,
46409,
42731,
54174,
748,
29494,
65432,
64683,
36117,
49269,
59237,
16224,
59938,
27221,
33861,
42368,
36744,
2320,
64401,
55790,
62453,
33984,
26309,
14836,
32230,
58453,
50590,
18644,
23163,
54568,
41997,
15161,
23406,
50828,
13084,
8429,
66081,
45044,
30501,
13409,
61641,
49672,
64139,
8932,
65963,
59679,
14454,
29990,
31919,
42453,
59583,
12273,
15938,
45486,
45502,
61662,
3763,
24256,
48694,
35167,
18286,
48505,
31463,
18395,
56014,
5795,
38940,
53017,
55178,
63273,
8124,
56880,
5990,
53982,
58998,
48061,
7620,
52398,
61957,
30883,
57797,
37662,
17308,
50367,
38383,
62871,
15907,
38711,
51578,
14377,
43382,
59889,
39992,
20487,
18262,
2753,
61974,
43252,
31907,
51919,
45464,
13217,
15092,
55502,
53723,
6320,
54460,
5540,
13817,
12225,
2195,
16681,
3673,
32974,
3245,
26266,
58209,
13082,
18684,
38600,
60050,
9178,
14494,
45855,
62159,
62552,
3542,
44731,
52213,
15583,
8954,
1754,
10717,
32147,
20453,
61824,
34888,
12740,
53687,
61739,
14648,
3947,
16978,
19558,
7185,
47800,
53360,
46998,
3757,
43462,
15488,
2995,
14057,
22307,
61831,
56807,
16762,
14798,
10273,
51099,
15624,
64672,
10760,
10940,
17909,
57774,
62340,
52928,
47418,
6699,
1450,
32942,
24563,
28470,
25407,
55827,
53387,
44036,
65680,
11282,
34722,
2794,
2069,
27563,
51123,
40991,
18886,
43063,
57199,
35946,
28247,
1646,
11537,
45470,
11047,
44172,
40940,
42762,
21789,
64354,
35970,
12678,
35430,
25298,
16392,
47070,
45316,
18389,
51523,
28564,
3690,
21602,
47037,
42878,
37206,
55680,
42430,
26842,
60377,
13885,
16286,
2890,
38457,
12315,
4212,
14369,
54695,
55686,
17273,
30413,
22472,
39430,
21307,
58020,
31286,
21630,
27042,
29815,
12142,
12130,
32800,
41307,
8681,
22121,
27717,
31303,
33412,
24103,
24032,
9274,
8132,
51670,
39555,
58965,
19730,
9705,
6262,
40345,
61132,
49817,
18321,
59854,
10985,
27734,
51629,
49078,
9093,
35524,
10152,
3541,
3989,
43393,
6459,
50954,
18856,
11530,
37333,
53052,
63306,
3800,
63060,
64911,
30183,
28526,
47920,
10210,
48127,
12260,
43346,
51700,
45580,
31451,
62139,
20701,
58534,
1715,
46070,
3020,
14073,
48695,
53258,
16983,
34092,
39276,
41520,
60295,
48307,
1850,
23148,
43635,
6335,
6121,
54536,
52518,
22954,
47298,
19913,
63928,
14869,
25538,
39171,
12171,
10720,
42410,
26741,
41537,
59000,
58254,
51711,
17484,
38644,
43889,
49458,
60762,
52290,
56003,
52604,
46496,
62693,
16532,
61722,
63605,
12099,
7791,
28772,
65198,
39286,
17227,
34646,
5886,
26976,
23500,
9944,
26623,
6209,
9329,
30653,
45885,
20499,
24476,
50041,
58778,
32076,
28227,
33591,
9276,
58430,
11453,
54986,
63066,
46734,
46273,
32084,
39336,
60578,
11939,
15957,
35939,
14109,
35191,
36115,
22867,
4949,
45009,
20170,
24247,
30313,
34384,
43685,
31508,
21142,
26984,
63583,
30595,
11561,
35468,
28922,
21589,
58149,
26705,
38589,
22673,
25760,
42269,
9685,
52618,
22188,
64408,
27284,
25782,
19131,
33970,
249,
42240,
24007,
3004,
35134,
49333,
39590,
1550,
27880,
21915,
64138,
31234,
37715,
3812,
13814,
1868,
11742,
12681,
28944,
13261,
28529,
28605,
57082,
4433,
5297,
38060,
17400,
37544,
28465,
45027,
21018,
50584,
61213,
25837,
3921,
63184,
60724,
30586,
7966,
5178,
55016,
15888,
51278,
27100,
23124,
29157,
13773,
1979,
52954,
61118,
38424,
33246,
24632,
9562,
56748,
15946,
9319,
61593,
54580,
47122,
21204,
7976,
20606,
28670,
56723,
46702,
39144,
9055,
20792,
44333,
14785,
60849,
63864,
5792,
15694,
20180,
45453,
62532,
49483,
19804,
63619,
54241,
21979,
61860,
42139,
63165,
57382,
56145,
8617,
10463,
55273,
1915,
18320,
42740,
53381,
40929,
5386,
15723,
7213,
30648,
19427,
41637,
64225,
16188,
42013,
5034,
29859,
4369,
13856,
33521,
27565,
6257,
24825,
63062,
45685,
65598,
43727,
7384,
35293,
48573,
64622,
42400,
27239,
21297,
36199,
3684,
37915,
21683,
23359,
21298,
56088,
5509,
29795,
52304,
33525,
59949,
66082,
29301,
38237,
47741,
41249,
64567,
55604,
14519,
29291,
52701,
38299,
14781,
36114,
10871,
40026,
38695,
62537,
53652,
54470,
46211,
7407,
41236,
44879,
21754,
17468,
15836,
62087,
21211,
50471,
54301,
13317,
11308,
15971,
40471,
37609,
44278,
6132,
12992,
30096,
7204,
54544,
10090,
40187,
35717,
12191,
20316,
10514,
44091,
46768,
36376,
49688,
3913,
39482,
28238,
61431,
44700,
49129,
17518,
59049,
57173,
27099,
33808,
59163,
1033,
63682,
8074,
41127,
20713,
23685,
16751,
50424,
63365,
47958,
50560,
31,
32980,
26572,
60681,
47457,
54383,
3266,
40768,
60418,
14033,
4382,
24727,
11451,
65127,
57674,
66126,
1582,
45413,
32860,
11984,
41459,
59896,
64763,
9422,
39523,
21759,
40741,
53057,
17960,
31960,
26862,
65250,
61570,
891,
36596,
17190,
23476,
30395,
13193,
19216,
35836,
13850,
11991,
39328,
14567,
12024,
55787,
4216,
29016,
46495,
25769,
56256,
4527,
22306,
37680,
37242,
26220,
45344,
63590,
54162,
27627,
62548,
63392,
22559,
59634,
64228,
53502,
32479,
34725,
47141,
16288,
25002,
38781,
31777,
55843,
21380,
20927,
2597,
60473,
10912,
10330,
2540,
34136,
33698,
11414,
29445,
58697,
4207,
25775,
4836,
61287,
34614,
23462,
43814,
12271,
55759,
11465,
5968,
55239,
22535,
40046,
13529,
55854,
9357,
47183,
41900,
65359,
30416,
32016,
16505,
28606,
47255,
16779,
34447,
12666,
55000,
17602,
12280,
44643,
254,
59616,
35258,
10079,
26352,
6427,
3583,
3613,
31122,
9305,
5341,
10736,
39072,
35823,
17822,
43723,
42068,
36131,
61436,
43501,
20742,
22237,
39343,
15765,
49882,
28515,
1142,
65498,
52255,
2552,
22403,
40061,
13880,
54372,
40923,
24058,
31389,
62371,
7511,
23989,
13577,
25301,
19048,
6246,
64525,
43773,
11437,
49630,
38146,
30465,
25074,
56701,
32323,
32011,
31627,
33612,
3054,
33603,
56842,
34,
49117,
26951,
42331,
19297,
41661,
16052,
11819,
51621,
60609,
42993,
1380,
65793,
60657,
35801,
46989,
44648,
43198,
24549,
37812,
25254,
48034,
18096,
65437,
53430,
42813,
14904,
56016,
6634,
40375,
27398,
32009,
46064,
36536,
36461,
44355,
35053,
50694,
48854,
20829,
26275,
50392,
50539,
7652,
10022,
2079,
9895,
6059,
29279,
44237,
39161,
51282,
31603,
56650,
37030,
12427,
32526,
13813,
39439,
33187,
104,
52316,
35428,
52088,
30944,
58388,
25273,
48389,
46895,
66035,
34715,
22489,
29794,
55710,
34745,
35517,
62313,
23159,
9889,
2122,
63728,
19870,
16998,
48993,
52127,
64995,
53934,
35817,
29917,
55519,
13148,
58414,
65952,
47637,
9328,
38605,
36197,
33663,
44331,
38877,
40807,
41781,
62310,
60221,
50905,
24454,
52993,
63294,
51917,
12621,
58359,
44071,
32224,
48630,
63484,
33299,
1767,
43831,
17260,
65293,
16420,
38252,
40791,
8327,
41643,
4775,
24948,
7383,
7943,
9945,
45878,
9623,
18045,
19791,
41752,
17360,
2322,
55233,
40233,
25062,
51497,
26318,
12643,
24867,
23006,
576,
42468,
27361,
9574,
41278,
62826,
56449,
23052,
17514,
26628,
19497,
15250,
35262,
25735,
61610,
25045,
21366,
56301,
9372,
17447,
24930,
45578,
55741,
33890,
19822,
61999,
26975,
6261,
64329,
22979,
17965,
53002,
29568,
28553,
18841,
12593,
4145,
35290,
63081,
32498,
50296,
10969,
3430,
60543,
65000,
56361,
52575,
17862,
26466,
8411,
38400,
52312,
43112,
11662,
52279,
45488,
63092,
9649,
52969,
46302,
14175,
25742,
41317,
11011,
16934,
37156,
54559,
54103,
7992,
42211,
9734,
9298,
17905,
15014,
6929,
64497,
43120,
38853,
14819,
8764,
52546,
65362,
54911,
10219,
60440,
52612,
41659,
28052,
10746,
3350,
24986,
15337,
48333,
20177,
885,
52897,
13218,
23729,
17037,
12020,
23752,
35406,
41724,
7949,
44536,
21637,
9478,
45330,
41544,
24896,
16523,
8805,
1618,
46200,
48388,
49338,
54409,
36936,
20255,
558,
28970,
48470,
1471,
12967,
9215,
22440,
34103,
10070,
48490,
23187,
59803,
113,
51751,
29709,
39250,
43144,
19946,
28875,
23499,
17872,
48408,
59194,
62940,
55328,
56780,
1511,
29768,
28435,
28479,
58618,
61699,
21231,
7961,
28160,
38831,
31254,
8884,
43261,
19726,
16060,
49537,
52981,
59264,
47817,
15854,
64187,
16957,
18755,
10104,
6885,
7866,
1413,
58137,
46542,
7944,
33609,
3839,
47422,
44808,
9505,
22323,
22906,
17992,
42774,
15821,
6104,
17144,
12189,
48393,
25559,
37239,
27049,
44832,
51875,
9654,
49618,
60795,
44801,
47603,
9555,
53664,
61098,
23150,
4701,
20275,
19935,
29557,
31892,
11966,
37980,
52606,
28628,
27310,
44651,
29241,
26967,
17891,
47206,
45601,
54333,
13618,
10843,
37431,
36698,
12235,
23998,
60484,
58810,
63346,
49945,
8476,
17427,
26025,
59941,
4325,
48178,
9150,
12386,
64074,
57719,
42678,
47942,
10491,
11549,
20892,
11310,
50210,
12735,
62688,
26793,
23753,
51238,
33913,
4986,
43550,
14264,
4200,
16535,
38536,
21569,
53912,
46894,
23984,
63751,
2051,
47217,
59030,
24873,
42913,
19170,
38302,
20149,
4792,
8389,
40974,
20066,
65964,
12985,
28434,
18181,
319,
4419,
60180,
10373,
22913,
690,
38416,
35451,
25948,
58968,
26116,
46526,
27,
34268,
40126,
2108,
26744,
4022,
4011,
58186,
45164,
28760,
53357,
66083,
6625,
29587,
23464,
14435,
18857,
62105,
31028,
65895,
2760,
36871,
32185,
44005,
47507,
64593,
64991,
39015,
42136,
12509,
60851,
35611,
41831,
6238,
30076,
53768,
7677,
57817,
13321,
41356,
42533,
28057,
37393,
61173,
20897,
54148,
47154,
20639,
44604,
36903,
52267,
11496,
34814,
21882,
13707,
58980,
37470,
2120,
10834,
24039,
50141,
6199,
57365,
41984,
23300,
4189,
27544,
2196,
12286,
63312,
54936,
28596,
60693,
20570,
44079,
20268,
6711,
49553,
17622,
23455,
9188,
59537,
39095,
18896,
27248,
1928,
48426,
2005,
64882,
19218,
5188,
55272,
24280,
7622,
30243,
30389,
49760,
34273,
17126,
9428,
42463,
4479,
15815,
54943,
50374,
54538,
29261,
29182,
5076,
38315,
28045,
13854,
1342,
58591,
9836,
49502,
61510,
12278,
24344,
65058,
19622,
50491,
4191,
47798,
65947,
16760,
10380,
19318,
5352,
47827,
62658,
38526,
39402,
20576,
27692,
39532,
59603,
23794,
2143,
9970,
335,
39617,
7047,
46960,
27074,
44784,
36956,
63387,
9707,
63357,
27043,
54915,
52995,
18204,
21710,
17465,
2188,
39163,
8547,
31289,
63020,
46812,
18239,
8421,
63013,
65898,
15085,
15578,
8779,
9349,
10988,
12725,
26656,
49465,
24949,
9545,
40914,
54548,
35500,
14288,
57630,
19825,
48190,
38038,
42051,
36363,
58525,
47927,
51891,
21623,
1764,
21450,
65839,
63452,
8780,
35926,
45504,
44903,
11106,
9086,
11112,
54370,
42563,
4061,
38490,
19842,
18969,
56965,
3564,
51970,
1654,
42286,
19250,
31450,
50785,
12650,
57676,
18233,
42425,
51,
45028,
42753,
65941,
27158,
37291,
52918,
412,
24137,
54243,
31920,
22622,
8416,
25967,
23725,
28813,
34484,
20319,
960,
17586,
26581,
65126,
26462,
20207,
25855,
33980,
17506,
9244,
56591,
2788,
44755,
3459,
20458,
9933,
61058,
49637,
45184,
47063,
24353,
64914,
34071,
65597,
37363,
10726,
21376,
28949,
28741,
58003,
64162,
17480,
31924,
51228,
63409,
58153,
59476,
55828,
9905,
31197,
29607,
52872,
23443,
45883,
19790,
58467,
57115,
20876,
4750,
64959,
46613,
23245,
48965,
9790,
16687,
55126,
24965,
64801,
57597,
20064,
49263,
16164,
36813,
44881,
1448,
46267,
4456,
28178,
63768,
36928,
34403,
64830,
9543,
48613,
49125,
59660,
18519,
29785,
41203,
35729,
22686,
2480,
26823,
49928,
17256,
58344,
16353,
26125,
65370,
60063,
33417,
5469,
55127,
42203,
30917,
34654,
38744,
60988,
4893,
6119,
20815,
23721,
56027,
51262,
62187,
14152,
54541,
17703,
6827,
4361,
27761,
61650,
61692,
15550,
50613,
35363,
62799,
405,
56928,
60419,
18456,
18113,
49698,
42782,
2534,
81,
13472,
14777,
26664,
56688,
2659,
26500,
28573,
22020,
4709,
8010,
34734,
41490,
34763,
37880,
4021,
57920,
40128,
22675,
45530,
41787,
193,
29047,
63917,
46213,
1570,
49596,
10357,
53826,
10529,
19960,
49184,
18018,
41642,
3329,
23872,
6293,
1351,
43414,
28293,
41311,
16952,
53301,
5121,
23826,
37286,
9907,
5091,
47052,
62957,
21642,
17153,
1603,
23181,
62324,
34687,
62833,
46404,
20588,
39614,
16467,
18586,
11405,
7439,
21669,
54609,
1910,
20402,
7718,
34421,
11304,
11002,
29789,
15460,
38930,
51348,
7146,
8588,
46358,
8437,
3701,
28509,
45059,
42509,
24451,
6973,
16583,
21999,
13104,
49132,
24710,
46082,
6758,
6975,
18177,
19465,
11544,
25704,
19051,
48539,
1459,
14250,
3420,
32155,
35185,
31164,
22537,
15811,
55390,
2708,
718,
2892,
21859,
1477,
38990,
42937,
3513,
23649,
19564,
19900,
28112,
4833,
25562,
48926,
36913,
7327,
15684,
44817,
49211,
23377,
5347,
54698,
32648,
58484,
8513,
28703,
4819,
43605,
62146,
19831,
42601,
10951,
15400,
29334,
16538,
46719,
16483,
40563,
11187,
34879,
27375,
51376,
57106,
43721,
51172,
36730,
34743,
1083,
62888,
47120,
34959,
22657,
56989,
9111,
9631,
44641,
22021,
22902,
66028,
27715,
12508,
23331,
65324,
56662,
22398,
38118,
29104,
36694,
47994,
6536,
27080,
38609,
50506,
23446,
2625,
6675,
8989,
23085,
25108,
14750,
63863,
38716,
5366,
26134,
40296,
56516,
10397,
6095,
53986,
12932,
60392,
57612,
19162,
25346,
7211,
21485,
39665,
42919,
35949,
7570,
46186,
24538,
61414,
47652,
9992,
31473,
26703,
36432,
9123,
35612,
15642,
40595,
18074,
17899,
9198,
55429,
37885,
25603,
17782,
46736,
58966,
13941,
26786,
41666,
25092,
3875,
34143,
16412,
42733,
40277,
437,
65435,
27793,
24477,
32010,
14450,
61426,
55866,
64903,
56472,
2549,
47993,
27859,
28643,
44785,
50007,
23143,
64775,
19901,
987,
60430,
45659,
8893,
42959,
15467,
32055,
52124,
13487,
60555,
46976,
20868,
18508,
38596,
33393,
20860,
48796,
26150,
41998,
30461,
43617,
27837,
54074,
60607,
31359,
61466,
62302,
43848,
64664,
47719,
34215,
39491,
10994,
57157,
24190,
63325,
62399,
45278,
31221,
64184,
36920,
40162,
10872,
36546,
40323,
25167,
45254,
54887,
65848,
49152,
10309,
36821,
24409,
11213,
19651,
37473,
64092,
49422,
24052,
58349,
42487,
7092,
63536,
33012,
9679,
30144,
62358,
12892,
38845,
12995,
29454,
25824,
53554,
11036,
22908,
8309,
40490,
13954,
4672,
36816,
40222,
53252,
30983,
48407,
54685,
54299,
16154,
47336,
17794,
45568,
47089,
37390,
64345,
32696,
54993,
66267,
57805,
29185,
8403,
27916,
43648,
53348,
12230,
38334,
33402,
25877,
16810,
17738,
5556,
65473,
62163,
26145,
22972,
8142,
45642,
28966,
64691,
58060,
38217,
2333,
65358,
37146,
56627,
15569,
20196,
21656,
45141,
12320,
39166,
62009,
35461,
17545,
33496,
59428,
19908,
41320,
2592,
44678,
61520,
63226,
1260,
47860,
24474,
64607,
38018,
11254,
28108,
7449,
21494,
41250,
46638,
21772,
9429,
1948,
20032,
52931,
64512,
35607,
13124,
48882,
22548,
3382,
42078,
58138,
39042,
20366,
46466,
21925,
46504,
51883,
41146,
1094,
38960,
23808,
11569,
42611,
52933,
35876,
58503,
53983,
9286,
44954,
36831,
56586,
61154,
16928,
25734,
46861,
4511,
8201,
28567,
40362,
22827,
14824,
54134,
19570,
37773,
26157,
5021,
52472,
29626,
7515,
60602,
3438,
719,
13984,
44846,
25962,
52410,
16260,
16293,
17407,
49877,
54702,
7245,
39265,
42797,
33961,
34940,
5703,
46263,
4764,
15655,
18921,
49270,
14255,
58661,
56373,
30876,
57829,
55326,
36917,
39183,
56987,
65887,
1027,
46712,
63189,
2833,
37039,
42830,
26611,
34393,
27710,
548,
23121,
36426,
4881,
46591,
13129,
31587,
45388,
63775,
39054,
23847,
64210,
31741,
34297,
11307,
26295,
47213,
9401,
2073,
39723,
4020,
58444,
54100,
16284,
18748,
8757,
16944,
64275,
40215,
59087,
36260,
48873,
31241,
61562,
51137,
18410,
14281,
19897,
4821,
508,
11385,
11015,
40832,
64772,
23709,
24172,
20899,
12128,
53632,
11907,
24295,
30871,
1304,
26343,
11175,
23897,
9445,
51110,
10742,
45182,
61149,
13636,
58270,
65914,
28075,
1234,
52322,
25258,
17701,
6000,
10838,
3545,
34535,
55768,
58841,
51854,
42704,
56869,
49569,
1119,
484,
17575,
45358,
23915,
62420,
1437,
19843,
10955,
42720,
63136,
6162,
12539,
24465,
16285,
681,
38629,
35344,
3809,
5045,
3185,
15140,
63493,
26397,
40379,
30095,
7609,
18366,
15810,
31180,
2004,
42872,
53238,
38216,
27695,
2311,
52452,
4300,
63976,
57821,
38067,
38764,
50464,
47764,
58277,
51417,
59893,
12674,
53961,
7671,
46724,
3360,
47166,
21276,
24093,
22973,
13994,
58509,
15718,
17281,
54210,
61873,
32218,
24399,
45431,
17893,
18343,
28169,
54703,
119,
20642,
47599,
65072,
4260,
1847,
176,
1682,
4274,
23195,
9110,
6700,
23565,
58777,
27946,
1584,
3237,
35875,
43650,
14394,
56453,
39158,
31570,
1617,
12971,
51982,
23507,
2720,
59790,
7898,
13759,
52272,
30331,
64272,
46268,
2774,
24525,
54187,
12249,
65761,
26308,
59549,
47572,
59303,
8110,
61399,
34442,
44812,
46622,
29616,
39779,
13105,
40581,
59961,
42600,
59919,
63018,
511,
41335,
14403,
27674,
25719,
45457,
48674,
46217,
10667,
37264,
53869,
59730,
29115,
55449,
11295,
19947,
7632,
9456,
62663,
1226,
28948,
23229,
47042,
837,
7342,
12113,
49428,
21980,
60156,
60336,
2523,
31622,
6875,
62095,
41033,
33955,
14449,
28456,
17526,
11366,
11488,
19677,
64892,
45368,
37736,
11659,
33886,
22475,
33951,
2214,
5504,
41123,
13843,
22539,
63735,
34606,
62343,
34196,
6404,
55093,
18640,
52962,
17077,
13227,
22154,
22538,
11870,
25382,
37301,
26894,
50420,
1241,
52135,
29885,
16894,
55386,
57042,
43379,
11680,
57832,
12675,
47971,
50772,
65291,
33103,
47048,
44101,
62707,
51154,
6613,
34994,
63299,
41660,
52153,
36501,
17348,
22028,
34542,
36807,
46484,
46650,
19500,
9638,
14219,
52586,
47859,
34604,
33084,
16561,
24407,
40748,
17993,
18043,
51347,
63148,
42365,
25564,
51481,
21420,
6365,
53566,
48114,
66246,
10798,
51131,
24491,
2129,
28438,
59493,
8449,
37033,
40551,
48510,
13452,
27821,
5251,
27477,
37897,
46173,
12199,
46266,
61018,
19810,
10902,
48311,
40344,
28758,
19574,
22256,
7362,
64557,
57830,
15511,
29838,
16654,
64507,
55224,
27031,
40980,
20399,
24947,
14725,
33102,
3831,
34784,
55831,
60796,
30692,
36130,
22693,
37720,
30255,
47976,
53703,
14807,
61809,
41852,
22140,
54889,
43824,
63606,
3130,
43502,
14577,
48946,
43039,
62567,
53659,
38578,
60468,
60791,
51301,
11085,
38647,
63006,
48761,
32229,
24173,
61174,
6352,
59230,
12903,
21272,
53572,
47567,
41029,
42484,
3536,
62610,
63416,
37579,
62761,
42625,
45841,
60206,
25053,
31593,
2000,
9199,
65036,
34309,
41883,
34096,
10494,
33753,
40380,
52347,
39875,
11847,
11024,
33778,
11,
17446,
38071,
48213,
4958,
50170,
36455,
28562,
26147,
65619,
59240,
63170,
56436,
31525,
37595,
6708,
65311,
1795,
88,
53673,
12555,
43381,
45443,
16850,
2223,
9231,
58222,
31484,
38775,
41378,
4443,
11871,
45451,
58800,
54042,
40029,
16403,
3096,
64922,
48013,
13806,
29594,
28651,
45077,
19042,
30813,
43874,
31877,
11402,
41383,
38395,
2045,
50608,
15671,
15134,
44160,
8819,
63456,
19002,
49319,
62400,
46075,
8291,
41890,
944,
18925,
3561,
18593,
54250,
39746,
34853,
19919,
32272,
1638,
61285,
65410,
15680,
24450,
7939,
11969,
7746,
54938,
42672,
14,
64410,
54828,
61626,
46787,
11889,
13645,
64650,
46390,
8736,
13042,
41231,
15326,
62682,
37701,
25050,
38047,
7516,
14390,
20241,
38433,
58126,
30977,
4848,
19905,
54208,
13714,
25126,
59810,
37605,
44231,
4493,
31328,
53949,
32447,
48367,
22522,
8357,
64413,
29318,
46262,
17206,
9680,
41585,
49444,
56619,
59880,
2737,
28331,
56942,
40428,
60658,
19414,
24676,
914,
8176,
51192,
31750,
18862,
17538,
1848,
46629,
34835,
8674,
21799,
34304,
31864,
32930,
40773,
63662,
46626,
20680,
38696,
33490,
832,
51184,
31649,
51844,
63149,
62689,
37278,
17381,
28528,
41939,
27274,
27119,
62965,
40985,
5432,
62320,
53790,
33864,
29389,
36848,
15182,
28781,
14327,
41036,
47568,
20958,
43397,
3586,
26328,
23517,
20882,
46584,
51121,
15227,
7880,
45195,
41244,
44222,
5725,
51801,
37827,
9395,
1182,
64792,
51258,
6967,
64448,
19303,
38000,
21477,
48139,
30100,
55077,
3621,
400,
45318,
59797,
18899,
13523,
3786,
32136,
2841,
65110,
6561,
233,
12729,
49015,
57594,
23456,
582,
4990,
16625,
11218,
27786,
56670,
37359,
28256,
53219,
36002,
17634,
8699,
62109,
57934,
26904,
8536,
48908,
52261,
64713,
30483,
12922,
27245,
35950,
4997,
11478,
63074,
44592,
1575,
11572,
974,
26306,
53495,
41072,
17457,
54583,
25590,
63042,
58854,
43899,
29752,
52198,
22674,
25550,
51729,
33878,
44721,
31981,
64294,
34321,
50321,
34588,
24218,
10045,
50349,
25894,
43306,
59216,
65649,
39335,
41432,
35866,
45590,
64400,
34555,
740,
3484,
56423,
20329,
44844,
33497,
53347,
41196,
56906,
32649,
27722,
36801,
43890,
55667,
8245,
23991,
30669,
23348,
41769,
62111,
46029,
34328,
12313,
50258,
4192,
27402,
52760,
53295,
27088,
40527,
61321,
36498,
3835,
29841,
63691,
56426,
164,
21010,
63320,
60839,
4603,
24836,
57195,
46080,
19565,
22864,
46636,
43478,
14753,
17801,
32416,
30085,
38793,
8044,
34284,
31984,
9218,
64460,
39902,
25663,
58634,
211,
50718,
20043,
28686,
59404,
3668,
24238,
27223,
16967,
32917,
21727,
36729,
8668,
11987,
41931,
19228,
4209,
59155,
25869,
51622,
29287,
60874,
30030,
29452,
48215,
23412,
6273,
14988,
49587,
12526,
26183,
36033,
17081,
17578,
65098,
35778,
24885,
56844,
13481,
36972,
44506,
42037,
28842,
29773,
40401,
5079,
57941,
53209,
16705,
29173,
36738,
8013,
38091,
55470,
11149,
21116,
65452,
6670,
63570,
2070,
61447,
4599,
31251,
46077,
55915,
1908,
61677,
57799,
46849,
46053,
25207,
41326,
27993,
1397,
54092,
50179,
54650,
28639,
5876,
37991,
63833,
27081,
50174,
62508,
60854,
27984,
25439,
43861,
49949,
26066,
45540,
49109,
1256,
56681,
17999,
20704,
41991,
35491,
49049,
43915,
23083,
32642,
15147,
47822,
36788,
51371,
62443,
51176,
52439,
58852,
42102,
47517,
32296,
38797,
45136,
30157,
59484,
13491,
59388,
53590,
46024,
61523,
40083,
45382,
29272,
4706,
47735,
23005,
1130,
54017,
17222,
35772,
61710,
11741,
11355,
32089,
51545,
54270,
54519,
36822,
46814,
38225,
34647,
41902,
10859,
15441,
51268,
39346,
2796,
39742,
17422,
10078,
25321,
61769,
2182,
5552,
64562,
46522,
48418,
44015,
30276,
25343,
39945,
61936,
7023,
18614,
124,
11556,
45547,
13438,
35278,
46869,
20447,
21671,
10447,
33041,
35893,
41198,
25370,
13094,
16411,
40934,
23167,
58112,
50815,
42271,
29542,
48576,
16011,
27266,
5596,
3905,
1659,
20997,
19615,
1536,
36098,
8657,
32387,
1982,
20814,
18298,
44837,
8792,
65002,
305,
39396,
10818,
41055,
51858,
55358,
41352,
47000,
56031,
17754,
37573,
713,
59855,
47194,
28899,
22808,
45011,
49060,
22816,
65147,
8494,
3013,
20863,
41692,
45596,
13036,
2351,
1585,
41994,
31238,
20051,
32351,
5373,
26034,
5177,
13810,
47540,
8665,
30402,
43881,
55696,
45894,
60601,
57860,
37506,
42460,
55631,
61548,
21971,
31934,
53528,
51600,
38165,
25178,
32869,
29112,
18051,
31639,
39458,
66190,
55249,
63156,
65113,
59995,
27700,
9541,
13738,
25286,
66153,
5422,
5277,
37387,
11521,
39864,
2850,
58929,
3065,
60914,
54073,
26557,
28234,
23062,
53858,
39962,
37909,
33137,
23564,
46917,
34108,
33480,
42831,
6419,
11378,
33284,
26982,
44244,
42649,
17981,
6064,
55408,
1824,
1498,
30778,
3653,
14496,
28134,
34525,
60636,
55410,
40246,
3813,
18005,
61653,
49400,
43249,
58739,
32972,
28701,
58786,
40645,
52936,
23761,
28041,
55976,
15859,
35529,
29703,
12244,
48310,
60208,
37100,
57520,
24263,
4544,
8590,
45270,
13435,
59314,
44193,
25463,
14720,
19803,
13958,
57615,
52658,
20205,
53813,
35170,
38477,
43992,
20374,
29507,
22089,
20993,
50377,
35835,
50434,
8116,
14973,
47556,
37400,
50139,
22155,
17243,
7403,
34804,
64883,
27209,
20345,
48580,
44216,
31552,
17984,
45186,
36360,
30074,
34507,
27117,
31488,
9770,
49588,
9316,
63049,
35507,
27957,
2134,
57216,
15376,
50449,
29540,
27446,
53138,
39160,
53028,
17313,
32600,
24215,
7638,
519,
35873,
22168,
3629,
21921,
65451,
61487,
44633,
12047,
24648,
66136,
13650,
22430,
16892,
28498,
31619,
39164,
30109,
8723,
41937,
27298,
65139,
55080,
31317,
22924,
65169,
36766,
58882,
43771,
43760,
25020,
56751,
14686,
38350,
7745,
11580,
9714,
1812,
18999,
53373,
1358,
6979,
5147,
18165,
11125,
41575,
1453,
25723,
38811,
2584,
54942,
18842,
7035,
26082,
56308,
43011,
18009,
17100,
30314,
41810,
5478,
52409,
18642,
5696,
5194,
36411,
41538,
56313,
35011,
3302,
23505,
35441,
33835,
32589,
47179,
56514,
50810,
34896,
61766,
44725,
47606,
33353,
13069,
2611,
42708,
2785,
56503,
52091,
54490,
37028,
38697,
11066,
14674,
21949,
54801,
8186,
42123,
42088,
51607,
5014,
26091,
25730,
23646,
26367,
1640,
27852,
31309,
26887,
52758,
65061,
54358,
18515,
22143,
33746,
65470,
16476,
33509,
46791,
8070,
356,
28649,
53142,
60493,
21373,
14079,
5531,
8319,
18946,
7785,
35448,
23854,
12745,
34483,
10712,
18109,
62086,
52113,
18497,
29579,
64777,
17779,
22355,
28625,
48892,
43534,
41290,
14920,
53563,
43370,
56354,
19757,
26416,
36747,
1535,
763,
4877,
35954,
41561,
27503,
49792,
31835,
31499,
56741,
49340,
62778,
22619,
7873,
39508,
27449,
6821,
14173,
48687,
52554,
51108,
51241,
19584,
13188,
60289,
34114,
34541,
49271,
63162,
55092,
12066,
34737,
3361,
34653,
16272,
12293,
46126,
12434,
50706,
7653,
27569,
13949,
28698,
10741,
27451,
62657,
47482,
47761,
13201,
4851,
6292,
53910,
49305,
28083,
60114,
16738,
8959,
13558,
34530,
28079,
12920,
15662,
15915,
18553,
4018,
53515,
15479,
16421,
13284,
52383,
38260,
63578,
31085,
63244,
7818,
12252,
4187,
25545,
26178,
42662,
11726,
48191,
18940,
46809,
56061,
53729,
2660,
59612,
9643,
14831,
43697,
34670,
36021,
14545,
7538,
1320,
35039,
15155,
6468,
4703,
37176,
49902,
64639,
57265,
62000,
13809,
22700,
52250,
4898,
47836,
28264,
60207,
48935,
31930,
55305,
60732,
44144,
7142,
35571,
6639,
14900,
14769,
40081,
34219,
26104,
48084,
22167,
65497,
18084,
18609,
1675,
10251,
39384,
55583,
15062,
42965,
29689,
58926,
11400,
59522,
55188,
33125,
53881,
59779,
7426,
44624,
54125,
22176,
28210,
55220,
65671,
31606,
34258,
34761,
59807,
41413,
60645,
25426,
30173,
34634,
12409,
8158,
18535,
2779,
2851,
24718,
20735,
52371,
13276,
6563,
50047,
26142,
51434,
1287,
4007,
29678,
41803,
53801,
47024,
24371,
41479,
43766,
12871,
7001,
53732,
48441,
53062,
2391,
53658,
38294,
52380,
63795,
62441,
5608,
52599,
25075,
30134,
17876,
18823,
36170,
55597,
42060,
54408,
51385,
16657,
63520,
12567,
43846,
3146,
63229,
12872,
46990,
7452,
21952,
57019,
31158,
26311,
6392,
65420,
8185,
8030,
23954,
36925,
22596,
28118,
51145,
53508,
26032,
38633,
16584,
6648,
31019,
61164,
62429,
1601,
24069,
28337,
34316,
5244,
58135,
63297,
9301,
59567,
38670,
54718,
4119,
4907,
31260,
6650,
28269,
18555,
64667,
61639,
57996,
47380,
34668,
5111,
52184,
35499,
32864,
18346,
51952,
39848,
9117,
727,
19863,
14483,
30790,
51031,
53850,
62080,
52182,
15292,
54885,
46630,
19536,
27455,
59496,
41344,
34142,
52723,
23561,
63377,
22437,
53716,
54802,
18214,
20259,
9074,
35516,
52896,
57186,
24347,
2261,
20452,
42864,
39857,
40814,
55625,
65167,
16352,
22834,
54415,
13288,
29653,
16558,
53625,
41155,
23626,
37125,
55036,
29404,
56955,
30520,
50347,
52105,
46017,
62898,
52988,
37761,
55074,
3312,
38126,
64251,
36493,
39612,
33049,
24073,
55781,
44557,
27255,
45506,
1352,
5924,
43744,
32119,
44620,
51139,
7192,
40330,
25942,
50646,
2580,
8571,
59386,
12063,
55415,
65730,
15330,
35457,
59674,
35628,
18567,
50084,
28294,
56862,
62540,
47963,
9438,
50784,
11718,
1098,
38855,
44521,
23235,
2272,
10547,
19577,
37961,
44455,
51162,
37226,
45829,
44955,
57560,
65334,
12448,
22288,
3232,
20113,
55575,
57018,
29548,
20418,
36035,
13314,
2929,
44498,
56896,
41593,
25773,
13571,
51141,
5488,
16637,
61150,
11881,
22815,
10979,
47922,
24687,
53497,
22562,
17679,
53452,
43586,
336,
23904,
51781,
55059,
40369,
60403,
33674,
9022,
11634,
47992,
45102,
9489,
42003,
11846,
57061,
22955,
8525,
41388,
55133,
21077,
31079,
31062,
23980,
46141,
7310,
63071,
53343,
12435,
62910,
23958,
26080,
47597,
13961,
22957,
41606,
26994,
1661,
42290,
54705,
56477,
574,
47230,
4124,
28377,
42324,
21025,
2458,
59084,
10229,
48239,
54719,
1133,
43649,
20679,
12838,
21820,
37148,
36061,
47727,
8749,
50537,
28748,
28196,
53885,
30810,
18960,
10821,
60044,
63027,
46938,
21568,
21516,
52645,
50682,
20895,
44060,
48706,
32907,
40090,
28540,
15558,
50428,
49066,
48489,
19093,
8430,
23702,
15317,
34202,
26919,
7979,
43695,
62112,
24211,
19846,
52832,
58971,
30555,
17508,
16667,
53521,
57998,
26953,
52547,
47863,
51453,
591,
61774,
17149,
59486,
56435,
35055,
30630,
27971,
3208,
46618,
34842,
65294,
9275,
43113,
28841,
43466,
28166,
64041,
63257,
16371,
65756,
34395,
15940,
27235,
42501,
1981,
53886,
26127,
15210,
19082,
33871,
64169,
18251,
62560,
2474,
45704,
45984,
54558,
18912,
518,
35419,
12218,
18424,
66062,
57293,
23639,
19871,
54676,
56786,
18655,
15323,
39151,
24738,
26973,
21271,
33737,
64559,
38190,
55259,
52904,
30310,
12540,
18354,
24977,
12432,
35511,
46166,
34786,
10217,
31589,
33371,
1594,
485,
55173,
51852,
5321,
9519,
55296,
18587,
5640,
56835,
11663,
37257,
41463,
26784,
4196,
34120,
47724,
35356,
42816,
15459,
53205,
38213,
25701,
47917,
26320,
63754,
54079,
16274,
2187,
53867,
55975,
10347,
27873,
64405,
4905,
40485,
7281,
31437,
17417,
4944,
20796,
63573,
35903,
58159,
2218,
63718,
15288,
6506,
21960,
31400,
66200,
13203,
25326,
31940,
3963,
27874,
36008,
42583,
37779,
3439,
52440,
31229,
26477,
18219,
61879,
18556,
42326,
51812,
43385,
43436,
26250,
55923,
34770,
27576,
57393,
25042,
39165,
45952,
22434,
47654,
284,
677,
1271,
25622,
8917,
56157,
65968,
30512,
18924,
26816,
54758,
19081,
14029,
8729,
3604,
10656,
24109,
54069,
49850,
52457,
63841,
28087,
43647,
58067,
66032,
17808,
13381,
13137,
26289,
9033,
58239,
49575,
62349,
55933,
21803,
4885,
34928,
31655,
41472,
31997,
38509,
33334,
20256,
19438,
8627,
6656,
31535,
1216,
978,
28661,
13766,
24717,
51455,
42970,
33976,
20672,
51770,
43630,
35218,
34350,
53926,
18041,
58554,
36231,
32451,
25800,
53904,
45512,
2616,
43086,
20676,
28883,
29798,
36777,
64451,
18641,
50312,
2748,
45754,
13016,
28348,
63548,
37907,
65191,
7416,
32843,
31277,
57730,
44756,
41935,
37533,
59192,
18747,
16339,
30104,
45224,
15567,
52057,
43075,
20198,
32720,
2509,
3390,
52757,
29803,
20569,
64418,
22029,
23871,
2136,
52339,
5192,
22423,
65017,
25383,
38291,
27382,
38928,
5551,
12308,
50130,
19695,
34702,
831,
11129,
654,
33179,
43774,
57985,
11173,
26471,
44944,
35965,
36682,
27603,
56213,
21934,
9602,
33478,
18461,
39014,
10231,
32812,
17694,
6100,
63667,
19417,
21013,
51186,
17527,
64427,
64325,
28873,
57843,
61047,
44305,
10043,
14691,
59879,
45606,
58316,
32998,
13505,
50189,
20304,
47850,
17608,
2071,
23324,
2872,
33130,
34682,
49440,
34438,
37365,
10109,
61635,
60841,
64973,
15502,
8458,
57967,
49102,
9427,
53254,
48961,
1269,
49032,
16081,
27167,
18190,
37560,
38081,
19524,
12360,
66247,
34875,
23698,
19876,
47242,
44971,
56759,
3841,
48444,
33064,
6254,
61617,
47524,
36024,
32106,
26158,
42018,
51159,
33087,
7811,
52133,
62842,
25747,
10896,
62641,
45362,
30684,
32190,
48684,
26648,
26196,
24553,
35868,
44043,
29787,
14868,
9536,
15059,
10517,
29033,
9939,
42986,
10083,
34079,
36571,
65766,
52090,
42040,
42722,
62378,
54322,
40648,
23611,
31432,
41166,
59864,
38082,
53221,
2656,
8408,
33712,
8285,
37086,
3693,
62513,
34785,
54345,
9078,
36254,
38194,
56545,
39697,
24850,
41016,
34060,
51459,
17619,
37329,
39830,
40094,
27078,
27662,
59182,
51444,
9507,
45713,
38803,
50025,
7917,
50444,
27075,
5134,
3793,
6580,
44402,
25114,
18135,
51530,
64341,
52514,
54086,
57507,
39824,
55219,
28544,
63173,
17195,
40307,
35100,
64075,
6469,
10537,
47876,
58939,
7927,
65842,
21556,
23407,
37266,
48445,
61260,
66072,
33184,
23785,
10128,
22639,
1195,
58315,
13920,
50925,
58940,
54841,
9125,
10267,
63507,
49786,
2914,
52718,
65903,
26526,
48852,
4183,
47414,
65347,
49956,
33954,
58908,
446,
235,
8189,
25452,
18400,
58164,
47386,
46283,
46820,
56464,
26421,
46198,
62193,
22759,
29180,
103,
36933,
54860,
47692,
22478,
12849,
23137,
34506,
7635,
15988,
52331,
21876,
38910,
12839,
45481,
13857,
64216,
3088,
51048,
20338,
63703,
10168,
55319,
50160,
8609,
41983,
49123,
39233,
2809,
48845,
3464,
32934,
38068,
61752,
46897,
53296,
13277,
52541,
33411,
14356,
11152,
30956,
876,
36350,
65934,
23529,
48112,
48216,
24298,
18915,
59514,
12937,
40784,
21586,
55931,
47190,
46604,
32433,
15324,
39329,
26435,
28680,
54154,
38700,
20348,
42114,
65011,
64078,
63047,
14919,
10587,
8737,
36095,
44476,
7068,
3727,
32113,
4747,
45675,
9595,
12030,
656,
46130,
28444,
20428,
11715,
65137,
18760,
9109,
20861,
1913,
6695,
53537,
56206,
61410,
42190,
44354,
56727,
39635,
46342,
30621,
18997,
51474,
63332,
54105,
53619,
63645,
40727,
32207,
6294,
46256,
26381,
61540,
50594,
4596,
59677,
26783,
47441,
55858,
35305,
49382,
45711,
34730,
65742,
17363,
23353,
21123,
28119,
38807,
3205,
14699,
31145,
2599,
18351,
35657,
24752,
54534,
6915,
51625,
45608,
37160,
9371,
39338,
37989,
35955,
65743,
43090,
16716,
50831,
49675,
13882,
30574,
46338,
27211,
38874,
29405,
58394,
12183,
108,
18980,
43909,
60614,
8026,
40983,
27365,
11284,
7937,
65720,
14456,
60149,
65376,
28817,
50224,
43865,
58037,
55313,
20025,
2639,
16289,
36692,
27703,
20995,
47151,
27501,
28586,
34185,
2934,
51144,
18966,
64178,
23924,
6255,
2057,
10244,
50963,
38726,
50551,
13118,
33330,
64591,
27123,
52508,
8131,
21363,
46929,
16675,
18097,
63799,
37659,
65004,
1336,
20249,
52559,
37570,
46900,
50096,
20907,
19734,
46513,
32504,
15918,
18520,
32369,
11445,
7879,
60132,
37816,
60297,
23589,
63680,
13877,
42419,
20668,
36274,
64675,
25991,
65415,
55938,
50899,
7763,
14880,
47868,
421,
62414,
19758,
37446,
18624,
35896,
26666,
30133,
28682,
36650,
55132,
1152,
59576,
487,
4203,
25977,
49526,
58814,
12163,
11107,
40880,
16047,
61493,
4669,
32445,
57170,
9278,
37154,
33469,
9061,
25567,
11025,
12469,
3234,
13557,
55674,
58260,
33650,
44640,
25878,
41129,
40609,
18138,
50641,
39521,
30014,
36006,
50233,
5554,
1340,
16604,
47632,
64864,
17331,
32788,
58871,
37105,
36772,
6448,
25913,
26678,
46418,
47948,
5958,
22443,
28642,
10610,
13891,
20687,
61930,
32524,
3367,
54424,
59211,
25345,
52025,
38511,
7530,
54303,
21620,
42845,
37872,
3114,
52837,
43676,
28903,
48810,
17977,
8741,
25265,
55742,
55822,
52064,
42941,
55306,
27205,
65280,
19679,
12486,
8762,
327,
38649,
52442,
11087,
15000,
16568,
13705,
6093,
9443,
45960,
22722,
21038,
57660,
2903,
44369,
28258,
29499,
8850,
32858,
23436,
33797,
7400,
4813,
61408,
46919,
7853,
19992,
58431,
28016,
18006,
65079,
39887,
26392,
33643,
57009,
29260,
4434,
35654,
42020,
61669,
32815,
28451,
8538,
27511,
28452,
187,
31191,
57928,
35286,
31731,
45619,
19503,
4592,
24743,
17387,
17426,
30570,
26704,
31803,
58143,
11765,
41990,
52131,
40276,
45440,
31188,
23400,
52527,
25861,
65325,
27729,
28654,
20114,
15603,
47308,
24099,
33204,
42564,
32480,
12357,
31923,
49459,
39121,
12789,
33989,
19836,
24821,
11124,
47977,
45003,
5752,
30385,
15126,
52513,
32056,
55476,
32442,
53431,
42492,
8918,
3622,
43644,
21457,
42064,
12670,
6105,
46235,
59157,
60437,
17531,
15117,
63819,
13587,
66092,
7907,
3225,
54700,
29558,
51319,
16648,
56326,
45,
28580,
43250,
13634,
28034,
56393,
56529,
52910,
55248,
62207,
11986,
35391,
34571,
45864,
59988,
59281,
32531,
38779,
54664,
10374,
13956,
34931,
54585,
31341,
6142,
48569,
33450,
50678,
44419,
14839,
59053,
38732,
38950,
65804,
61106,
39452,
46545,
50022,
42626,
3109,
31107,
28286,
35575,
40237,
36289,
38730,
53649,
6085,
63182,
50353,
1093,
56833,
21518,
28010,
56925,
10390,
32532,
33948,
48375,
45716,
58294,
26230,
32940,
37464,
28933,
15789,
17282,
6654,
23327,
25501,
18843,
23,
16660,
38846,
47558,
17171,
23075,
38080,
54581,
416,
65329,
44652,
18851,
4749,
14949,
58794,
7571,
52934,
5668,
33148,
35252,
18352,
27218,
870,
35614,
34156,
24990,
10919,
58440,
63266,
20213,
21741,
61701,
60837,
56641,
11893,
2003,
41064,
36643,
8218,
10709,
14285,
9741,
48394,
38380,
11977,
2394,
53922,
28314,
12644,
33600,
63331,
56557,
63323,
11128,
24461,
40298,
39924,
41864,
28535,
58108,
57643,
61189,
23102,
17940,
10559,
30191,
65906,
663,
33476,
65916,
17932,
26359,
40396,
15597,
63808,
49840,
18932,
53943,
58482,
24089,
3579,
55371,
62662,
12264,
18035,
6383,
49315,
33451,
10840,
6389,
59626,
52964,
51345,
64823,
29666,
64896,
6681,
29518,
32036,
23002,
42633,
43208,
23918,
8981,
59415,
20052,
28125,
60188,
65829,
241,
28811,
48373,
18679,
19643,
11311,
40742,
53375,
5457,
23054,
45817,
13382,
11655,
5689,
36893,
14241,
54271,
3568,
30797,
39337,
48909,
59205,
20666,
204,
15129,
10003,
25366,
41525,
8941,
45423,
31794,
27776,
30361,
23035,
17904,
5073,
19477,
48595,
18811,
17837,
65988,
291,
38384,
31492,
10281,
25147,
6176,
48125,
62996,
32463,
58781,
57043,
29160,
9497,
64949,
47629,
44676,
20136,
56212,
26653,
4774,
24747,
53302,
50865,
27022,
60930,
4097,
60053,
37542,
48779,
22462,
35924,
60166,
65835,
45437,
4600,
14455,
56276,
48890,
28764,
52570,
15244,
12284,
41855,
54741,
27431,
65915,
61912,
686,
63921,
60505,
47749,
49950,
40788,
19369,
57301,
21040,
58996,
11342,
57551,
39382,
14925,
37517,
20800,
14046,
63551,
62262,
50729,
2910,
55911,
6111,
63212,
640,
35050,
59554,
62881,
64609,
909,
63977,
30180,
6508,
54932,
1629,
46601,
37418,
30420,
9017,
2836,
6234,
20201,
50655,
15798,
8500,
56183,
17109,
39004,
17737,
29850,
53580,
29758,
52246,
32460,
16291,
18839,
36882,
40734,
65003,
60978,
19594,
4455,
23135,
66183,
54446,
11031,
52021,
53303,
61611,
13490,
4897,
19476,
39309,
31514,
63486,
7878,
51930,
52210,
66226,
8126,
60779,
45646,
33671,
16059,
37648,
24983,
13735,
24233,
62246,
27775,
23789,
15731,
25223,
60496,
7159,
21371,
2755,
1095,
8203,
33807,
24252,
6364,
39347,
17038,
26456,
27433,
41422,
22564,
43851,
22106,
33464,
22260,
31244,
45300,
51166,
58119,
42698,
25007,
26317,
9701,
11794,
9851,
20287,
21612,
60983,
63591,
46446,
64429,
60868,
29836,
61032,
52205,
13848,
35289,
53873,
8068,
49240,
16306,
59794,
20031,
40870,
1619,
24646,
15572,
28031,
20228,
1154,
9650,
4245,
26408,
35392,
38916,
13278,
34950,
30380,
19135,
52917,
47322,
14947,
53157,
22671,
60812,
10284,
17942,
53771,
31441,
58805,
26738,
56940,
12616,
49735,
43867,
51934,
47209,
47430,
6800,
46196,
13916,
14626,
33939,
50605,
5516,
35743,
47159,
26849,
50157,
47462,
11326,
19952,
20237,
6852,
2970,
8743,
62748,
8864,
48571,
3199,
51194,
65073,
22610,
53518,
10850,
15847,
32542,
33941,
25323,
19225,
20973,
45333,
4909,
62426,
49534,
28762,
5119,
32673,
24760,
28047,
29865,
12380,
50544,
55703,
28757,
63163,
36535,
34491,
14672,
63310,
64501,
48855,
4162,
32919,
3461,
22031,
17568,
57689,
1463,
36003,
57432,
26009,
47069,
17594,
17946,
25137,
12228,
33722,
42646,
9003,
64146,
51525,
6615,
9800,
25344,
6175,
1950,
11607,
36166,
8390,
40809,
35081,
42411,
42388,
25557,
31128,
62013,
9831,
62115,
39110,
39285,
12647,
48861,
65695,
18672,
13249,
63035,
65729,
3609,
45792,
27435,
56783,
39950,
58548,
24423,
46874,
9857,
22091,
60436,
32392,
61643,
54863,
54224,
21085,
32263,
12511,
45782,
34249,
53672,
17983,
32163,
12149,
43599,
38282,
56735,
16794,
63384,
21326,
39216,
26564,
19933,
21835,
51454,
58601,
46136,
27307,
62824,
11996,
23057,
30199,
52161,
1214,
4252,
52876,
23141,
48079,
49196,
49307,
59950,
61676,
21261,
59167,
46207,
51836,
29079,
38881,
55327,
4806,
52846,
38508,
35987,
52909,
17085,
28843,
5229,
53314,
13794,
1421,
47696,
38127,
49150,
26019,
9833,
48204,
39558,
15474,
56633,
39900,
4279,
61616,
37175,
62763,
18068,
18737,
49014,
12887,
5575,
43377,
57653,
29514,
39820,
28837,
5474,
60429,
39662,
7816,
16528,
57408,
35173,
14827,
5311,
21093,
44902,
39116,
64124,
1522,
60707,
16031,
15076,
60069,
41905,
39972,
10369,
59351,
49514,
37275,
49670,
16137,
53068,
18023,
41904,
34291,
64165,
63567,
44141,
7552,
45594,
63717,
25478,
32212,
57318,
40783,
64031,
41956,
15843,
63351,
57161,
45332,
38953,
13859,
34640,
61733,
32965,
19220,
49487,
52731,
10641,
41653,
57929,
57107,
27070,
19459,
45774,
46169,
30585,
47803,
45527,
6893,
48502,
61968,
61560,
46360,
4849,
11476,
33567,
2925,
33238,
50858,
10544,
17735,
61889,
42402,
48733,
58909,
64457,
33773,
7118,
66061,
62962,
41431,
38342,
59025,
7715,
7547,
3157,
61029,
20945,
24668,
52660,
32409,
23656,
6777,
60773,
58735,
18188,
8607,
35947,
59045,
22511,
8542,
37787,
18807,
19852,
17375,
40737,
47180,
25547,
36326,
1417,
50513,
4133,
1410,
43780,
25647,
46347,
56124,
53466,
15109,
49070,
27942,
28798,
39500,
23596,
56609,
35102,
59177,
33608,
18221,
58948,
18511,
34188,
10049,
44510,
35960,
42127,
818,
64476,
51644,
58389,
52923,
58290,
7769,
26686,
51822,
58,
13518,
62547,
26760,
39258,
21717,
64543,
18531,
7932,
29061,
47849,
21958,
30086,
41922,
51887,
35094,
2777,
25006,
56201,
39806,
23622,
37358,
61322,
17471,
55458,
49072,
33173,
11899,
19667,
24876,
34094,
66134,
38961,
21322,
45375,
3040,
10511,
40886,
65424,
6984,
890,
21511,
37336,
11294,
27811,
53481,
38377,
64549,
63633,
393,
64992,
23534,
4316,
18394,
31656,
41863,
20987,
8353,
55029,
64271,
17921,
34018,
20158,
19091,
49486,
36775,
29077,
800,
62976,
32327,
56293,
31903,
40532,
53025,
8870,
27056,
20089,
33051,
46139,
3933,
57963,
64687,
47812,
28822,
52577,
21962,
2381,
47924,
6052,
41086,
40419,
17316,
55298,
38295,
60367,
27760,
43821,
62228,
14492,
50669,
9512,
6519,
4179,
9350,
10401,
35151,
34916,
54195,
57225,
130,
49037,
34828,
65712,
13510,
21831,
53666,
45081,
8540,
65389,
44450,
33017,
60756,
27445,
14593,
22758,
12532,
51569,
26351,
19129,
599,
33065,
16921,
29409,
51326,
9552,
18415,
16579,
61314,
4985,
16287,
58512,
24544,
55304,
43331,
3900,
30712,
36181,
26255,
40757,
20169,
39305,
56243,
38316,
15493,
26949,
3170,
14213,
57992,
21585,
3398,
47080,
1223,
20470,
22750,
50683,
24293,
55995,
62634,
28322,
19049,
5669,
39506,
58642,
43262,
64811,
31371,
37733,
8636,
23695,
36647,
6888,
64340,
37599,
19971,
14226,
14756,
44275,
26991,
14565,
16388,
10413,
54944,
55752,
63204,
37395,
29581,
2100,
15114,
58748,
13458,
30550,
61337,
17351,
61120,
40289,
33936,
3635,
45086,
44399,
55558,
55719,
49091,
49323,
5597,
36701,
63881,
60495,
56359,
36743,
15522,
498,
4091,
33206,
32867,
29392,
50031,
52024,
46153,
33831,
36827,
35853,
11643,
3408,
7147,
3410,
39225,
64773,
13863,
42839,
30176,
4476,
53229,
42016,
38934,
26599,
7435,
8220,
62259,
9477,
51926,
36685,
65193,
31287,
43704,
21288,
41559,
43879,
56761,
44168,
52543,
6039,
38454,
45325,
603,
8287,
21408,
6037,
26470,
17570,
1965,
23328,
20290,
56636,
45138,
27506,
6021,
44426,
17421,
21865,
17988,
14212,
26002,
54483,
8916,
34935,
19906,
30710,
64848,
37908,
30779,
40605,
18700,
65158,
23793,
51703,
13378,
9036,
12609,
37928,
9802,
45615,
62972,
18175,
49198,
94,
34735,
66124,
22006,
28023,
41631,
3480,
50614,
57459,
50207,
25132,
4785,
7962,
41038,
19665,
16106,
310,
15296,
30000,
56339,
49262,
21225,
45786,
53146,
18022,
17339,
20564,
50365,
12389,
17299,
35549,
57497,
13699,
45555,
45877,
8452,
5913,
20061,
7882,
2400,
30936,
15429,
26561,
16096,
52726,
32777,
42596,
36293,
45000,
48252,
29135,
46286,
30479,
52854,
62538,
21079,
15574,
1497,
6828,
26808,
15703,
4550,
50561,
1434,
2084,
10992,
22270,
8213,
49300,
64144,
57233,
5412,
36969,
993,
57081,
54155,
32803,
4286,
55320,
7032,
39248,
16824,
42637,
41331,
6966,
58654,
53827,
61950,
37711,
65886,
10344,
62257,
31084,
20359,
39271,
56487,
29447,
4536,
19823,
7536,
39733,
13102,
26284,
13517,
20416,
43109,
729,
7518,
22773,
54552,
33752,
25239,
55682,
27191,
53081,
57342,
44021,
60446,
23588,
33859,
15077,
46747,
29049,
7460,
23828,
59070,
43140,
5367,
28637,
25893,
29194,
55709,
37588,
36074,
29462,
34152,
17298,
29129,
4357,
55174,
39536,
13390,
57627,
30919,
64342,
47377,
26610,
40212,
64850,
34557,
48134,
58656,
1254,
65556,
8621,
48962,
49651,
19621,
6152,
24686,
6303,
47235,
8464,
38656,
201,
41968,
8053,
55801,
38458,
33337,
38410,
12717,
6450,
21179,
62758,
1892,
2483,
58967,
20472,
32125,
40108,
34572,
30217,
23967,
5555,
53362,
46482,
34975,
29094,
38988,
48582,
23768,
17648,
28246,
7762,
49118,
59412,
60702,
56074,
43582,
32363,
52740,
25529,
11464,
13337,
11436,
22208,
21508,
48752,
14671,
24259,
29174,
23890,
46779,
50304,
51504,
46992,
36898,
41015,
59631,
25129,
14660,
26928,
24019,
7558,
60159,
55737,
56952,
22065,
19083,
12823,
34753,
45570,
31891,
20938,
57138,
15243,
12115,
23022,
59926,
35259,
42921,
14323,
52420,
60350,
12750,
12634,
8255,
21970,
19642,
57834,
17179,
41049,
46844,
57582,
61370,
11280,
21617,
19230,
22052,
949,
48261,
1929,
36770,
22473,
52191,
24535,
5383,
40584,
41306,
46042,
39677,
31356,
12604,
50547,
15408,
42229,
18212,
38040,
51458,
18765,
24669,
24439,
1991,
6109,
6376,
4333,
38576,
35372,
19006,
21213,
47340,
49610,
62699,
35049,
27529,
51419,
32177,
57414,
43765,
15104,
25021,
54739,
12473,
42280,
57038,
10766,
15882,
56605,
40622,
39814,
55636,
49998,
27006,
57402,
39531,
7642,
14963,
29694,
22611,
62012,
43748,
38613,
7168,
55005,
1277,
49917,
35417,
51819,
30874,
39459,
61678,
37723,
26486,
18866,
12490,
48119,
29902,
59692,
29236,
50777,
31390,
56440,
59814,
57404,
18106,
63168,
39470,
32643,
61545,
39134,
35447,
26728,
26395,
61804,
43283,
56524,
29030,
40270,
1959,
21580,
30992,
26566,
40456,
10493,
4181,
2504,
46649,
61080,
64191,
50949,
11416,
33398,
13465,
20859,
57496,
468,
58532,
56962,
41405,
8441,
42124,
41869,
27495,
23139,
58379,
63702,
35116,
6722,
2485,
60699,
3083,
57915,
60807,
29300,
53280,
23684,
8580,
5816,
52908,
33774,
48830,
31147,
17187,
43872,
26649,
39770,
5613,
55180,
23677,
29381,
65209,
29351,
6703,
57650,
7582,
667,
58301,
17156,
60643,
47527,
27792,
47538,
65981,
49256,
39594,
6301,
16310,
29945,
14431,
28054,
16658,
1353,
51224,
17723,
59190,
50675,
32838,
8444,
41355,
32698,
66269,
38090,
3655,
24002,
8583,
43228,
50902,
54720,
38566,
6326,
26026,
31404,
21786,
48635,
10192,
27742,
61235,
47872,
12652,
30418,
2692,
55939,
53188,
44130,
16529,
54339,
43222,
46830,
25299,
43495,
31942,
27046,
51190,
24444,
36762,
43384,
33505,
47362,
54297,
27912,
11953,
26434,
6815,
18257,
39893,
58036,
57400,
8660,
54200,
62332,
49410,
56599,
53930,
60351,
46625,
56632,
11033,
3605,
63900,
42767,
30502,
57637,
20246,
257,
14770,
6976,
51566,
44822,
64893,
18397,
51773,
66001,
36107,
42898,
15006,
28440,
39247,
5853,
25847,
49035,
49454,
23668,
11463,
5384,
6797,
24336,
13165,
17674,
54639,
31642,
44551,
31962,
7838,
841,
50093,
59545,
1220,
30232,
6051,
1318,
16299,
26740,
62755,
46004,
31546,
58868,
7711,
45417,
18953,
51473,
19479,
42875,
15685,
33136,
28590,
9660,
29502,
32598,
10169,
5502,
61074,
44662,
27212,
9293,
35957,
59370,
35844,
55323,
56975,
42270,
39287,
23569,
15575,
12210,
56809,
5292,
10773,
50697,
8076,
36441,
36749,
40892,
44280,
65527,
60310,
152,
65478,
64641,
11972,
27561,
45524,
24613,
8648,
29846,
37252,
44796,
33374,
40911,
66169,
54856,
12426,
28827,
5844,
55776,
41842,
49113,
61317,
31691,
48088,
33817,
46010,
22413,
33465,
33838,
36016,
37075,
16248,
9447,
6592,
33319,
65521,
28189,
39127,
58410,
20302,
13539,
6168,
31648,
30229,
5582,
59122,
26004,
22283,
35328,
54590,
8283,
61422,
38364,
48611,
51357,
46927,
15926,
66261,
63971,
49779,
24064,
31336,
11798,
32090,
331,
29491,
38279,
38923,
46187,
34269,
52295,
39053,
14598,
61928,
50284,
62011,
40324,
58755,
15842,
13466,
46381,
52403,
50076,
42306,
52734,
60091,
55070,
39485,
21102,
40001,
64876,
59815,
29213,
55246,
36194,
23425,
42302,
7905,
14721,
58296,
5619,
34720,
47616,
10484,
18373,
44406,
58417,
9133,
6451,
7350,
46928,
30886,
58763,
29158,
53070,
14021,
25419,
22774,
25496,
10352,
29329,
42935,
15468,
63564,
61156,
18301,
10322,
32362,
38653,
36407,
33333,
22889,
32101,
7030,
10625,
52642,
8193,
9563,
22002,
56087,
32995,
58327,
7323,
34987,
30453,
8704,
49187,
26552,
8974,
27602,
39682,
58194,
62218,
35504,
54472,
1480,
24144,
53339,
2207,
35296,
60741,
50854,
47480,
24779,
16029,
31718,
19314,
43892,
28640,
60339,
64004,
20776,
341,
10230,
13879,
30225,
41854,
61756,
24678,
63329,
20388,
57394,
22510,
45812,
55956,
34538,
18279,
64544,
5123,
32317,
61096,
45147,
5992,
63414,
21424,
47189,
60397,
47086,
22938,
146,
25687,
52211,
59627,
20551,
11161,
58455,
55121,
35597,
11852,
38624,
20026,
7010,
52193,
16726,
44148,
13304,
19067,
64943,
720,
58094,
11362,
36768,
29184,
12547,
58573,
6521,
36720,
33719,
60376,
51755,
32700,
55783,
14083,
44351,
7775,
28295,
11652,
2306,
174,
8075,
15082,
7925,
34360,
5135,
38112,
42459,
54414,
37219,
40881,
51991,
19894,
5303,
61986,
42828,
63327,
56651,
54624,
36383,
10600,
48306,
21229,
12262,
21395,
52821,
19464,
30761,
42115,
61331,
39366,
43907,
16844,
63981,
62209,
19951,
37082,
27292,
34497,
35069,
47648,
21548,
18894,
16508,
35885,
48308,
52170,
26745,
28994,
15247,
49847,
37567,
12198,
13006,
27655,
52924,
39391,
49662,
11727,
47689,
5532,
21695,
48094,
4844,
57962,
59229,
3864,
5326,
17691,
36665,
50062,
41201,
48531,
18411,
50328,
2557,
22589,
63618,
30848,
13687,
24246,
31540,
53744,
37428,
32461,
9251,
46848,
18335,
10166,
49316,
39033,
36592,
28548,
60118,
13255,
12352,
59972,
64948,
63391,
17744,
42804,
6736,
35251,
57622,
2161,
23027,
56848,
22664,
49678,
65418,
3606,
64384,
32826,
1724,
43808,
61017,
57536,
23129,
27533,
22114,
56351,
54740,
10485,
59521,
9243,
3426,
61670,
52834,
27870,
44103,
13248,
56534,
38013,
44346,
47601,
45104,
41757,
12578,
4916,
33935,
24083,
64613,
4410,
38674,
32958,
11411,
6414,
22872,
11343,
46901,
57587,
8240,
18697,
39815,
58365,
56853,
51894,
1404,
31845,
41156,
43272,
10892,
36904,
10399,
33044,
59857,
35724,
22397,
21352,
23839,
23882,
57739,
5709,
59431,
33562,
39636,
4176,
47687,
43339,
49474,
63208,
14833,
1021,
17371,
30169,
8359,
13339,
23188,
40787,
42718,
32609,
403,
10845,
26143,
10883,
58879,
37134,
48438,
31491,
2157,
1278,
59191,
44893,
47547,
30783,
65715,
38497,
55431,
38668,
21112,
50848,
4198,
21152,
26942,
31403,
17843,
27810,
51775,
34823,
14708,
22383,
15064,
24191,
7058,
47454,
2739,
60931,
19315,
28906,
10232,
33994,
23948,
59681,
479,
9639,
13480,
60110,
39016,
5747,
65690,
54844,
39765,
19660,
28925,
43994,
2387,
63044,
47195,
58526,
32109,
14883,
37967,
7399,
58910,
26041,
21942,
39883,
33097,
38813,
25645,
33912,
40443,
38304,
14084,
21129,
20791,
28038,
51018,
40894,
10130,
10885,
61497,
18273,
50540,
14783,
26520,
50607,
44780,
24040,
21308,
62934,
44933,
22833,
24707,
59694,
28177,
7657,
19441,
42316,
34694,
18124,
42543,
24377,
25825,
17458,
51074,
54269,
41545,
16335,
32726,
15248,
7389,
35093,
62224,
803,
53735,
51244,
11219,
56704,
53815,
13528,
27991,
43512,
53056,
13973,
48122,
37704,
29096,
223,
3729,
28121,
4982,
25998,
4468,
61292,
4283,
2810,
38236,
14933,
18959,
12494,
21987,
39810,
11396,
60088,
43188,
19653,
5524,
48028,
52814,
42327,
39925,
7289,
39953,
48020,
10206,
23955,
2732,
27517,
21226,
49755,
53893,
61280,
4707,
20326,
5242,
36861,
55605,
61799,
61832,
4427,
54149,
10134,
13712,
45850,
32248,
30153,
17973,
21134,
21196,
66090,
61865,
27278,
60557,
28145,
20665,
16755,
10024,
20223,
42407,
28816,
46552,
37482,
65103,
57234,
1707,
17908,
19433,
63856,
34319,
49697,
42887,
21667,
62410,
19527,
32914,
8397,
28117,
40607,
18784,
9724,
32184,
50994,
7921,
3269,
20810,
61948,
34104,
23242,
34298,
8361,
2442,
61050,
7734,
64942,
59394,
56208,
58409,
27288,
27461,
44894,
57713,
15405,
26088,
45668,
33921,
316,
38682,
49689,
26000,
30958,
4802,
12964,
44433,
60957,
54389,
6757,
9013,
2115,
33433,
44359,
20427,
57187,
38101,
10378,
32173,
24164,
29395,
19391,
34800,
39988,
14422,
32293,
52750,
35118,
33014,
5313,
22351,
39001,
39193,
33455,
65306,
2714,
791,
56205,
7783,
55552,
14510,
3042,
31199,
14396,
507,
36239,
32245,
4783,
38335,
19723,
16245,
7752,
34352,
66242,
43178,
59908,
26874,
47197,
7542,
34237,
7288,
15160,
44223,
46140,
49813,
40114,
29847,
9264,
5732,
62754,
47711,
10179,
28736,
36705,
32122,
65332,
1357,
20514,
16540,
30122,
61511,
42908,
25103,
28370,
37243,
23930,
8304,
42121,
55771,
45683,
60010,
10226,
5806,
48025,
45418,
37423,
46834,
61725,
18326,
60723,
25003,
65195,
25873,
55201,
39708,
35766,
2775,
23797,
26179,
55176,
31297,
40096,
38763,
64702,
33436,
48167,
18275,
50260,
27799,
24833,
50313,
40655,
19480,
57126,
45135,
22146,
21753,
46019,
37089,
58399,
48182,
56594,
11147,
51200,
22354,
47795,
65141,
13752,
4258,
48378,
29734,
18078,
8208,
15436,
19672,
10894,
60877,
9561,
17922,
5694,
4921,
27233,
5463,
19257,
14641,
36017,
24213,
28376,
33342,
40358,
26568,
961,
42742,
8888,
44819,
24251,
51199,
27990,
9758,
47341,
13922,
65240,
27130,
18015,
18987,
48149,
34290,
12468,
53980,
933,
21515,
4573,
25600,
11042,
38851,
19062,
45133,
40778,
48116,
19000,
31597,
833,
382,
37019,
19307,
22425,
29424,
54499,
9023,
6181,
64135,
21505,
18660,
62825,
16661,
49762,
3828,
29406,
26168,
16115,
64290,
35097,
3094,
15477,
17748,
37600,
61638,
45550,
8887,
2620,
12359,
62745,
30405,
1862,
11324,
40594,
22241,
25369,
22698,
15593,
17900,
54641,
43062,
45365,
4883,
16836,
14528,
52691,
18218,
18517,
38645,
45177,
32094,
59309,
191,
38373,
2319,
65285,
16328,
34351,
22855,
51094,
54178,
65644,
62461,
11393,
50364,
44729,
266,
40599,
23675,
55503,
62783,
4538,
32566,
65371,
537,
646,
15066,
41154,
52804,
42869,
32597,
14185,
14962,
20251,
37177,
32736,
25692,
56573,
24188,
33788,
40063,
31000,
46252,
16907,
33528,
3372,
4640,
41360,
35393,
45890,
12240,
60434,
525,
29786,
11547,
13754,
2778,
24161,
7514,
18674,
45304,
45280,
65553,
59203,
45814,
4814,
51249,
631,
37691,
49560,
22628,
20640,
52654,
55536,
50091,
5907,
39739,
36183,
9493,
34454,
66205,
29978,
22444,
43027,
26450,
38585,
19461,
59153,
46880,
57606,
26755,
26165,
8846,
23039,
50989,
9625,
26133,
52550,
22989,
64620,
1871,
61600,
5095,
37780,
46708,
46069,
7928,
64796,
41898,
30853,
35044,
3079,
9897,
32807,
32359,
42508,
65969,
24468,
7220,
23248,
60688,
794,
15531,
35090,
17881,
2896,
56273,
33131,
7042,
52790,
58300,
35059,
54513,
31016,
55969,
57973,
55136,
18799,
15404,
21138,
42595,
23953,
16228,
12158,
21279,
19475,
54045,
12773,
47916,
29202,
32729,
13851,
57447,
21166,
26014,
49947,
24410,
10536,
32835,
46137,
54500,
28663,
45168,
63395,
9380,
28790,
1029,
46165,
4769,
44886,
41680,
59429,
46766,
43248,
57685,
13470,
42963,
63000,
39985,
1228,
56934,
37032,
20298,
14942,
17726,
33675,
14022,
58533,
9313,
16345,
45286,
18805,
43314,
40865,
19160,
14416,
62118,
33354,
52212,
26719,
40434,
36531,
5275,
44420,
46210,
62394,
35832,
56077,
1607,
3318,
24704,
16197,
28880,
57193,
52081,
50211,
15707,
59987,
49563,
21379,
19915,
9771,
33124,
27222,
34663,
15566,
39279,
59168,
3514,
3400,
15818,
6300,
21029,
41122,
23111,
3546,
2699,
37394,
22108,
16381,
61471,
56737,
2484,
52230,
8831,
47461,
36949,
13416,
26865,
49851,
30263,
20120,
58665,
53096,
42153,
29254,
1262,
34306,
23142,
62951,
11857,
4729,
52824,
40990,
5802,
22977,
60558,
27857,
21300,
384,
19267,
33754,
22428,
42632,
31815,
25246,
38375,
62647,
56708,
48354,
34846,
228,
29590,
3101,
9936,
28497,
18941,
19233,
28439,
25464,
37606,
23705,
60620,
26001,
53473,
4042,
24435,
21701,
15257,
14688,
34923,
18619,
8638,
34387,
43267,
10453,
28334,
12347,
46800,
57534,
57473,
53932,
53772,
57208,
50468,
58302,
55033,
62231,
4409,
1739,
37282,
31513,
4993,
29064,
44159,
16874,
16095,
34039,
26106,
37764,
5261,
52800,
4272,
42322,
31876,
35496,
45078,
36358,
52561,
15539,
54811,
43514,
32644,
44254,
43050,
53267,
42491,
3515,
53765,
48592,
52350,
55172,
32216,
32847,
20054,
7029,
56130,
16036,
